Provider,product,Price,CPU_RAM_Price,Storage_Price,Cluster_fee,licensed_OS,Hybrid_support,internal_egress_price,external_egress_price,internal_egress,external_egress,CPU,RAM,STORAGE,Cluster_management_fee,Regional_redundancy,Autoscaling,Vendor_lock-in,Payment_option,Term_Length,Instance_Type,Disk_type,OS,Hybrid_multicloud_support,Pay_per_pod_usage,Region,Built-in_authentication,self-recovery_features,automate_backup_tasks,Versioning&upgrades
Google,S1,0.22848,0.172668,0.0065,0,0,0,0,0.0493,100,300,4,16,100,no,no,both,no,no upfront,No commitment,On Demand,Standard,free,no,no,Europe,yes,yes,yes,yes
Amazon,EKS1,0.18732,0.0768,0.0097,0.1,0,0,0.0008219,0,30,600,2,8,300,yes,yes,both,no,no upfront,No commitment,On Demand,Standard,free,no,no,Europe,yes,yes,yes,yes
Amazon,EKS2,0.15852,0.048,0.0097,0.1,0,0,0.0008219,0,30,600,2,8,300,yes,yes,both,no,no upfront,1 Year commitment,On Demand,Standard,free,no,no,Europe,yes,yes,yes,yes
Amazon,EKS3,0.15652,0.046,0.0097,0.1,0,0,0.0008219,0,30,600,2,8,300,yes,yes,both,no,partially upfront,1 Year commitment,On Demand,Standard,free,no,no,Europe,yes,yes,yes,yes
Amazon,EKS4,0.15552,0.045,0.0097,0.1,0,0,0.0008219,0,30,600,2,8,300,yes,yes,both,no,All upfront,1 Year commitment,On Demand,Standard,free,no,no,Europe,yes,yes,yes,yes
Amazon,EKS5,0.14352,0.033,0.0097,0.1,0,0,0.0008219,0,30,600,2,8,300,yes,yes,both,no,no upfront,3 Year commitment,On Demand,Standard,free,no,no,Europe,yes,yes,yes,yes
Amazon,EKS6,0.14152,0.031,0.0097,0.1,0,0,0.0008219,0,30,600,2,8,300,yes,yes,both,no,partially upfront,3 Year commitment,On Demand,Standard,free,no,no,Europe,yes,yes,yes,yes
Amazon,EKS7,0.13952,0.029,0.0097,0.1,0,0,0.0008219,0,30,600,2,8,300,yes,yes,both,no,All upfront,3 Year commitment,On Demand,Standard,free,no,no,Europe,yes,yes,yes,yes
Amazon,EKS8,0.16428,0.05376,0.0097,0.1,0,0,0.0008219,0,30,600,2,8,300,yes,yes,both,no,no upfront,No commitment,Spot,Standard,free,no,no,Europe,yes,yes,yes,yes
Amazon,EKS9,0.23412,0.1236,0.0097,0.1,0,0,0.0008219,0,30,600,2,8,300,yes,yes,both,no,no upfront,No commitment,On Demand,Standard,Windows,no,no,Europe,yes,yes,yes,yes
Amazon,EKS10,0.19896,0.08652,0.0097,0.1,0,0,0.0027397,0,100,400,2,8,300,yes,yes,both,no,no upfront,No commitment,Spot,Standard,Windows,no,no,Europe,yes,yes,yes,yes
Amazon,EKS11,0.22199,0.088,0.03125,0.1,0,0,0.0027397,0,100,400,2,8,1000,yes,yes,both,no,no upfront,1 Year commitment,On Demand,Standard,Windows,no,no,Europe,yes,yes,yes,yes
Amazon,EKS12,0.21899,0.085,0.03125,0.1,0,0,0.0027397,0,100,400,2,8,1000,yes,yes,both,no,partially upfront,1 Year commitment,On Demand,Standard,Windows,no,no,Europe,yes,yes,yes,yes
Amazon,EKS13,0.21799,0.084,0.03125,0.1,0,0,0.0027397,0,100,400,2,8,1000,yes,yes,both,no,All upfront,1 Year commitment,On Demand,Standard,Windows,no,no,Europe,yes,yes,yes,yes
Amazon,EKS14,0.20299,0.069,0.03125,0.1,0,0,0.0027397,0,100,400,2,8,1000,yes,yes,both,no,no upfront,3 Year commitment,On Demand,Standard,Windows,no,no,Europe,yes,yes,yes,yes
Amazon,EKS15,0.19999,0.066,0.03125,0.1,0,0,0.0027397,0,100,400,2,8,1000,yes,yes,both,no,partially upfront,3 Year commitment,On Demand,Standard,Windows,no,no,Europe,yes,yes,yes,yes
Amazon,EKS16,0.19799,0.064,0.03125,0.1,0,0,0.0027397,0,100,400,2,8,1000,yes,yes,both,no,All upfront,3 Year commitment,On Demand,Standard,Windows,no,no,Europe,yes,yes,yes,yes
Amazon,EKS17,0.27079,0.1368,0.03125,0.1,0,0,0.0027397,0,100,400,2,8,1000,yes,yes,both,no,no upfront,No commitment,On Demand,Standard,Linux,no,no,Europe,yes,yes,yes,yes
Amazon,EKS18,0.22975,0.09576,0.03125,0.1,0,0,0.0027397,0,100,400,2,8,1000,yes,yes,both,no,no upfront,No commitment,Spot,Standard,Linux,no,no,Europe,yes,yes,yes,yes
Amazon,EKS19,0.25021,0.108,0.03125,0.1,0,0,0.0109589,0,400,400,2,8,1000,yes,yes,both,no,no upfront,1 Year commitment,On Demand,Standard,Linux,no,no,Europe,yes,yes,yes,yes
Amazon,EKS20,0.24821,0.106,0.03125,0.1,0,0,0.0109589,0,400,400,2,8,1000,yes,yes,both,no,partially upfront,1 Year commitment,On Demand,Standard,Linux,no,no,Europe,yes,yes,yes,yes
Amazon,EKS21,0.24721,0.105,0.03125,0.1,0,0,0.0109589,0,400,400,2,8,1000,yes,yes,both,no,All upfront,1 Year commitment,On Demand,Standard,Linux,no,no,Europe,yes,yes,yes,yes
Amazon,EKS22,0.3545,0.089,0.03125,0.1,0,0,0.0109589,0.1233,400,1000,2,8,1000,yes,yes,both,no,no upfront,3 Year commitment,On Demand,Standard,Linux,no,no,Europe,yes,yes,yes,yes
Amazon,EKS23,0.3525,0.087,0.03125,0.1,0,0,0.0109589,0.1233,400,1000,2,8,1000,yes,yes,both,no,partially upfront,3 Year commitment,On Demand,Standard,Linux,no,no,Europe,yes,yes,yes,yes
Amazon,EKS24,0.33713,0.089,0.01388,0.1,0,0,0.0109589,0.1233,400,1000,2,8,400,yes,yes,both,no,All upfront,3 Year commitment,On Demand,Standard,Linux,no,no,Europe,yes,yes,yes,yes
Amazon,EKS25,3.24452,1.4868,0.01388,0.1,0,0,0.2465753,1.3973,9000,12000,32,64,400,yes,yes,both,no,no upfront,No commitment,On Demand,SSD,Linux,no,no,US,yes,yes,yes,yes
Amazon,EKS26,2.74272,0.985,0.01388,0.1,0,0,0.2465753,1.3973,9000,12000,32,64,400,yes,yes,both,no,no upfront,1 Year commitment,On Demand,SSD,Linux,no,no,US,yes,yes,yes,yes
Amazon,EKS27,2.47372,0.716,0.01388,0.1,0,0,0.2465753,1.3973,9000,12000,32,64,400,yes,yes,both,no,no upfront,3 Year commitment,On Demand,SSD,Linux,no,no,US,yes,yes,yes,yes
Amazon,EKS28,2.70172,0.944,0.01388,0.1,0,0,0.2465753,1.3973,9000,12000,32,64,400,yes,yes,both,no,partially upfront,1 Year commitment,On Demand,SSD,Linux,no,no,US,yes,yes,yes,yes
Amazon,EKS29,3.61722,0.928,0.01388,0.1,0,0,0.2465753,2.3288,9000,20000,32,64,400,yes,yes,both,no,All upfront,1 Year commitment,On Demand,SSD,Linux,no,no,US,yes,yes,yes,yes
Amazon,EKS30,3.36222,0.673,0.01388,0.1,0,0,0.2465753,2.3288,9000,20000,32,64,400,yes,yes,both,no,partially upfront,3 Year commitment,On Demand,SSD,Linux,no,no,US,yes,yes,yes,yes
Amazon,EKS31,3.32922,0.64,0.01388,0.1,0,0,0.2465753,2.3288,9000,20000,32,64,400,yes,yes,both,no,All upfront,3 Year commitment,On Demand,SSD,Linux,no,no,US,yes,yes,yes,yes
Amazon,EKS32,5.67422,2.985,0.01388,0.1,0,0,0.2465753,2.3288,9000,20000,32,64,400,yes,yes,both,no,no upfront,No commitment,Dedicated,SSD,free,no,no,US,yes,yes,yes,yes
Amazon,EKS33,4.57022,1.881,0.01388,0.1,0,0,0.2465753,2.3288,9000,20000,32,64,400,yes,yes,both,no,no upfront,1 Year commitment,Dedicated,SSD,free,no,no,US,yes,yes,yes,yes
Amazon,EKS34,4.47922,1.79,0.01388,0.1,0,0,0.2465753,2.3288,9000,20000,32,64,400,yes,yes,both,no,partially upfront,1 Year commitment,Dedicated,SSD,free,no,no,US,yes,yes,yes,yes
Amazon,EKS35,7.96477,1.755,0.01388,0.1,0,0,0.2739726,5.8219,10000,50000,32,64,400,yes,yes,both,no,All upfront,1 Year commitment,Dedicated,SSD,free,no,no,US,yes,yes,yes,yes
Amazon,EKS36,7.49977,1.29,0.01388,0.1,0,0,0.2739726,5.8219,10000,50000,32,64,400,yes,yes,both,no,no upfront,3 Year commitment,Dedicated,SSD,free,no,no,US,yes,yes,yes,yes
Amazon,EKS37,7.40377,1.194,0.01388,0.1,0,0,0.2739726,5.8219,10000,50000,32,64,400,yes,yes,both,no,partially upfront,3 Year commitment,Dedicated,SSD,free,no,no,US,yes,yes,yes,yes
Amazon,EKS38,7.33177,1.122,0.01388,0.1,0,0,0.2739726,5.8219,10000,50000,32,64,400,yes,yes,both,no,All upfront,3 Year commitment,Dedicated,SSD,free,no,no,US,yes,yes,yes,yes
Amazon,EKS39,4.52815,3.154,0.01388,0.1,0,0,0.0273973,1.2329,1000,10000,8,32,400,yes,yes,both,no,no upfront,No commitment,Dedicated,SSD,free,no,no,US,yes,yes,yes,yes
Amazon,EKS40,2.79715,1.423,0.01388,0.1,0,0,0.0273973,1.2329,1000,10000,8,32,400,yes,yes,both,no,All upfront,3 Year commitment,Dedicated,SSD,free,no,no,US,yes,yes,yes,yes
Amazon,ECS1,2.15952,0.868,0.03125,0,0,0,0.0273973,1.2329,1000,10000,8,32,1000,no,yes,both,yes,no upfront,No commitment,On Demand,SSD,free,no,no,Europe,yes,yes,yes,yes
Amazon,ECS2,1.95352,0.662,0.03125,0,0,0,0.0273973,1.2329,1000,10000,8,32,1000,no,yes,both,yes,All upfront,1 Year commitment,On Demand,SSD,Windows,no,no,Europe,yes,yes,yes,yes
Amazon,ECS3,1.85952,0.568,0.03125,0,0,0,0.0273973,1.2329,1000,10000,8,32,1000,no,yes,both,yes,partially upfront,3 Year commitment,On Demand,SSD,Windows,no,no,Europe,yes,yes,yes,yes
Amazon,ECS4,1.80311,0.3472,0.03125,0,0,0,0.0273973,1.3973,1000,12000,8,32,1000,no,yes,both,yes,no upfront,No commitment,Spot,SSD,free,no,no,Europe,yes,yes,yes,yes
Amazon,ECS5,1.90091,0.445,0.03125,0,0,0,0.0273973,1.3973,1000,12000,8,32,1000,no,yes,both,yes,no upfront,1 Year commitment,On Demand,SSD,Linux,no,no,Europe,yes,yes,yes,yes
Amazon,ECS6,1.88591,0.43,0.03125,0,0,0,0.0273973,1.3973,1000,12000,8,32,1000,no,yes,both,yes,partially upfront,1 Year commitment,On Demand,SSD,Linux,no,no,Europe,yes,yes,yes,yes
Amazon,ECS7,1.77391,0.318,0.03125,0,0,0,0.0273973,1.3973,1000,12000,8,32,1000,no,yes,both,yes,All upfront,3 Year commitment,On Demand,SSD,Linux,no,no,Europe,yes,yes,yes,yes
Amazon,ECS8,1.80191,0.346,0.03125,0,0,0,0.0273973,1.3973,1000,12000,8,32,1000,no,yes,both,yes,no upfront,3 Year commitment,On Demand,SSD,Linux,no,no,Europe,yes,yes,yes,yes
Amazon,ECS9,1.74991,0.294,0.03125,0,0,0,0.0273973,1.3973,1000,12000,8,32,1000,no,yes,both,yes,All upfront,1 Year commitment,On Demand,SSD,free,no,no,Europe,yes,yes,yes,yes
Amazon,ECS10,1.6713,0.188,0.03125,0,0,0,0.0547945,1.3973,2000,12000,8,32,1000,no,yes,both,yes,partially upfront,3 Year commitment,On Demand,SSD,free,no,no,Europe,yes,yes,yes,yes
Amazon,ECS11,0.14261,0.1364,0.00347,0,0,0,0.0027397,0,100,600,2,8,100,no,yes,both,yes,no upfront,No commitment,On Demand,SSD,Windows,no,no,Asia,yes,yes,yes,yes
Amazon,ECS12,0.08244,0.0728,0.0069,0,0,0,0.0027397,0,100,600,2,4,200,no,yes,both,yes,no upfront,No commitment,On Demand,SSD,Windows,no,no,Asia,yes,yes,yes,yes
Amazon,ECS13,0.41115,0.398,0.01041,0,0,0,0.0027397,0,100,600,4,8,300,no,yes,both,yes,no upfront,No commitment,On Demand,SSD,Windows,no,no,Asia,yes,yes,yes,yes
Amazon,ECS14,0.30774,0.2912,0.0138,0,0,0,0.0027397,0,100,600,4,16,400,no,yes,both,yes,no upfront,No commitment,On Demand,SSD,Windows,no,no,Asia,yes,yes,yes,yes
Amazon,ECS15,3.96482,1.592,0.01666,0,0,0,0.0273973,2.3288,1000,20000,16,32,500,no,yes,both,yes,no upfront,No commitment,On Demand,SSD,Windows,no,no,Asia,yes,yes,yes,yes
Amazon,ECS16,4.15606,1.768,0.0319,0,0,0,0.0273973,2.3288,1000,20000,16,64,1000,no,yes,both,yes,no upfront,No commitment,On Demand,SSD,Windows,no,no,Asia,yes,yes,yes,yes
Amazon,ECS17,4.19163,1.832,0.00347,0,0,0,0.0273973,2.3288,1000,20000,16,128,100,no,yes,both,yes,no upfront,No commitment,On Demand,SSD,Windows,no,no,Asia,yes,yes,yes,yes
Amazon,ECS18,5.61764,3.008,0.0069,0,0,0,0.2739726,2.3288,10000,20000,32,64,200,no,yes,both,yes,no upfront,No commitment,On Demand,SSD,Windows,no,no,Asia,yes,yes,yes,yes
Amazon,ECS19,6.07254,3.456,0.0138,0,0,0,0.2739726,2.3288,10000,20000,32,128,500,no,yes,both,yes,no upfront,No commitment,On Demand,SSD,Windows,no,no,Asia,yes,yes,yes,yes
Amazon,ECS20,4.66554,2.0309,0.0319,0,0,0,0.2739726,2.3288,10000,20000,32,128,1000,no,yes,both,yes,no upfront,No commitment,Spot,SSD,Windows,no,no,Asia,yes,yes,yes,yes
Amazon,RH1,3.32195,1.3172,0.0097,0.03,0,0.513,0.0547945,1.3973,2000,12000,12,48,300,yes,yes,both,no,no upfront,No commitment,On Demand,Standard,Linux,yes,no,Europe,yes,yes,yes,yes
Amazon,RH2,2.36575,0.646,0.0097,0.03,0,0.228,0.0547945,1.3973,2000,12000,12,48,300,yes,yes,both,no,no upfront,3 Year commitment,On Demand,Standard,Linux,yes,no,Europe,yes,yes,yes,yes
Amazon,RH3,2.32675,0.607,0.0097,0.03,0,0.228,0.0547945,1.3973,2000,12000,12,48,300,yes,yes,both,no,partially upfront,3 Year commitment,On Demand,Standard,Linux,yes,no,Europe,yes,yes,yes,yes
Amazon,RH4,3.23026,0.579,0.0097,0.03,0,0.228,0.0547945,2.3288,2000,20000,12,48,300,yes,yes,both,no,All upfront,3 Year commitment,On Demand,Standard,Linux,yes,no,Europe,yes,yes,yes,yes
Amazon,RH5,3.27526,0.624,0.0097,0.03,0,0.228,0.0547945,2.3288,2000,20000,12,48,300,yes,yes,both,no,All upfront,3 Year commitment,Dedicated,Standard,Linux,yes,no,Europe,yes,yes,yes,yes
Amazon,RH6,3.64026,0.875,0.0097,0.03,0,0.342,0.0547945,2.3288,2000,20000,12,48,300,yes,yes,both,no,no upfront,1 Year commitment,On Demand,Standard,Linux,yes,no,Europe,yes,yes,yes,yes
Amazon,RH7,3.60426,0.839,0.0097,0.03,0,0.342,0.0547945,2.3288,2000,20000,12,48,300,yes,yes,both,no,partially upfront,1 Year commitment,On Demand,Standard,Linux,yes,no,Europe,yes,yes,yes,yes
Amazon,RH8,3.59026,0.825,0.0097,0.03,0,0.342,0.0547945,2.3288,2000,20000,12,48,300,yes,yes,both,no,All upfront,1 Year commitment,On Demand,Standard,Linux,yes,no,Europe,yes,yes,yes,yes
Amazon,RH9,3.43045,0.697,0.0097,0.03,0,0.228,0.1369863,2.3288,5000,20000,12,48,300,yes,yes,both,no,no upfront,3 Year commitment,Dedicated,Standard,Linux,yes,no,Europe,yes,yes,yes,yes
Amazon,RH10,3.38845,0.655,0.0097,0.03,0,0.228,0.1369863,2.3288,5000,20000,12,48,300,yes,yes,both,no,partially upfront,3 Year commitment,Dedicated,Standard,Linux,yes,no,Europe,yes,yes,yes,yes
Amazon,RH11,0.48566,0.14,0.01041,0.03,0,0.171,0.0109589,0.1233,400,1000,2,8,300,yes,yes,both,no,no upfront,No commitment,On Demand,Standard,Linux,yes,no,US,yes,yes,yes,yes
Amazon,RH12,0.44966,0.161,0.01041,0.03,0,0.114,0.0109589,0.1233,400,1000,4,16,300,yes,yes,both,no,no upfront,1 Year commitment,On Demand,Standard,Linux,yes,no,US,yes,yes,yes,yes
Amazon,RH13,3.31736,0.4692,0.01041,0.03,0,0.342,0.1369863,2.3288,5000,20000,8,16,300,yes,yes,both,no,no upfront,No commitment,On Demand,Standard,Linux,yes,no,US,yes,yes,yes,yes
Amazon,RH14,3.05616,0.322,0.01041,0.03,0,0.228,0.1369863,2.3288,5000,20000,8,32,300,yes,yes,both,no,partially upfront,1 Year commitment,On Demand,Standard,Linux,yes,no,US,yes,yes,yes,yes
Amazon,RH15,3.21572,1.2862,0.01666,0.03,0,0.513,0.1369863,1.2329,5000,10000,12,48,500,yes,yes,both,no,no upfront,No commitment,On Demand,Standard,Linux,yes,no,US,yes,yes,yes,yes
Amazon,RH16,2.97472,0.806,0.0159,0.03,0,0.342,0.1369863,1.6438,5000,10000,12,48,500,yes,yes,both,no,All upfront,1 Year commitment,On Demand,Standard,Linux,yes,no,Asia,yes,yes,yes,yes
Amazon,RH19,5.51624,1.4996,0.0159,0.03,0,1.368,0.2739726,2.3288,10000,20000,32,64,500,yes,yes,both,no,no upfront,No commitment,On Demand,Standard,Linux,yes,no,Asia,yes,yes,yes,yes
Amazon,RH20,5.45702,0.732,0.0159,0.03,0,0.912,0.2739726,3.4932,10000,30000,32,128,500,yes,yes,both,no,All upfront,3 Year commitment,On Demand,Standard,Linux,yes,no,Asia,yes,yes,yes,yes
Amazon,RH22,0.50546,0.2776,0.0159,0.03,0,0.171,0.0109589,0,400,600,4,16,500,yes,yes,both,no,no upfront,No commitment,On Demand,Standard,Linux,yes,no,Asia,yes,yes,yes,yes
Amazon,RH23,0.32486,0.154,0.0159,0.03,0,0.114,0.0109589,0,400,600,4,16,500,yes,yes,both,no,no upfront,3 Year commitment,On Demand,Standard,Linux,yes,no,Asia,yes,yes,yes,yes
Amazon,RH31,6.89502,1.714,0.0159,0.03,0,1.368,0.2739726,3.4932,10000,30000,32,128,500,yes,yes,both,no,no upfront,No commitment,On Demand,Standard,Linux,yes,no,Asia,yes,yes,yes,yes
Amazon,RH32,5.86302,1.138,0.0159,0.03,0,0.912,0.2739726,3.4932,10000,30000,32,128,500,yes,yes,both,no,no upfront,1 Year commitment,On Demand,Standard,Linux,yes,no,Asia,yes,yes,yes,yes
Amazon,RH33,5.81502,1.09,0.0159,0.03,0,0.912,0.2739726,3.4932,10000,30000,32,128,500,yes,yes,both,no,partially upfront,1 Year commitment,On Demand,Standard,Linux,yes,no,Asia,yes,yes,yes,yes
Amazon,RH34,5.79602,1.071,0.0159,0.03,0,0.912,0.2739726,3.4932,10000,30000,32,128,500,yes,yes,both,no,All upfront,1 Year commitment,On Demand,Standard,Linux,yes,no,Asia,yes,yes,yes,yes
Amazon,RH35,5.54602,0.821,0.0159,0.03,0,0.912,0.2739726,3.4932,10000,30000,32,128,500,yes,yes,both,no,no upfront,3 Year commitment,On Demand,Standard,Linux,yes,no,Asia,yes,yes,yes,yes
Amazon,RH36,5.49502,0.77,0.0159,0.03,0,0.912,0.2739726,3.4932,10000,30000,32,128,500,yes,yes,both,no,partially upfront,3 Year commitment,On Demand,Standard,Linux,yes,no,Asia,yes,yes,yes,yes
Amazon,RH37,6.99102,1.81,0.0159,0.03,0,1.368,0.2739726,3.4932,10000,30000,32,128,500,yes,yes,both,no,no upfront,No commitment,Dedicated,Standard,Linux,yes,no,Asia,yes,yes,yes,yes
Amazon,RH38,7.88179,0.828,0.0159,0.03,0,0.912,0.2739726,5.8219,10000,50000,32,128,500,yes,yes,both,no,All upfront,3 Year commitment,Dedicated,Standard,Linux,yes,no,Asia,yes,yes,yes,yes
Amazon,RH39,7.91979,0.866,0.0159,0.03,0,0.912,0.2739726,5.8219,10000,50000,32,128,500,yes,yes,both,no,partially upfront,3 Year commitment,Dedicated,Standard,Linux,yes,no,Asia,yes,yes,yes,yes
Amazon,RH40,7.97079,0.917,0.0159,0.03,0,0.912,0.2739726,5.8219,10000,50000,32,128,500,yes,yes,both,no,no upfront,3 Year commitment,Dedicated,Standard,Linux,yes,no,Asia,yes,yes,yes,yes
Amazon,RH41,8.28779,1.234,0.0159,0.03,0,0.912,0.2739726,5.8219,10000,50000,32,128,500,yes,yes,both,no,no upfront,1 Year commitment,Dedicated,Standard,Linux,yes,no,Asia,yes,yes,yes,yes
Amazon,RH42,8.23979,1.186,0.0159,0.03,0,0.912,0.2739726,5.8219,10000,50000,32,128,500,yes,yes,both,no,partially upfront,1 Year commitment,Dedicated,Standard,Linux,yes,no,Asia,yes,yes,yes,yes
Amazon,RH43,8.22079,1.167,0.0159,0.03,0,0.912,0.2739726,5.8219,10000,50000,32,128,500,yes,yes,both,no,All upfront,1 Year commitment,Dedicated,Standard,Linux,yes,no,Asia,yes,yes,yes,yes
Amazon,RH44,0.36786,0.197,0.0159,0.03,0,0.114,0.0109589,0,400,600,4,16,500,yes,yes,both,no,no upfront,1 Year commitment,On Demand,Standard,Linux,yes,no,Asia,yes,yes,yes,yes
Amazon,RH45,0.36186,0.191,0.0159,0.03,0,0.114,0.0109589,0,400,600,4,16,500,yes,yes,both,no,partially upfront,1 Year commitment,On Demand,Standard,Linux,yes,no,Asia,yes,yes,yes,yes
Amazon,RH46,0.35886,0.188,0.0159,0.03,0,0.114,0.0109589,0,400,600,4,16,500,yes,yes,both,no,All upfront,1 Year commitment,On Demand,Standard,Linux,yes,no,Asia,yes,yes,yes,yes
Amazon,RH47,0.81101,0.147,0.0159,0.03,0,0.114,0.0109589,0.4932,400,3000,4,16,500,yes,yes,both,no,partially upfront,3 Year commitment,On Demand,Standard,Linux,yes,no,Asia,yes,yes,yes,yes
Amazon,RH48,0.80601,0.142,0.0159,0.03,0,0.114,0.0109589,0.4932,400,3000,4,16,500,yes,yes,both,no,All upfront,3 Year commitment,On Demand,Standard,Linux,yes,no,Asia,yes,yes,yes,yes
Amazon,RH49,0.89075,0.167,0.0159,0.03,0,0.171,0.0136986,0.4932,500,3000,4,16,500,yes,yes,both,no,no upfront,3 Year commitment,Dedicated,Standard,Linux,yes,no,Asia,yes,yes,yes,yes
Amazon,RH50,0.95855,0.2918,0.0159,0.03,0,0.114,0.0136986,0.4932,500,3000,4,16,500,yes,yes,both,no,no upfront,No commitment,Dedicated,Standard,Linux,yes,no,Asia,yes,yes,yes,yes
Amazon,RH51,0.87675,0.21,0.0159,0.03,0,0.114,0.0136986,0.4932,500,3000,4,16,500,yes,yes,both,no,no upfront,1 Year commitment,Dedicated,Standard,Linux,yes,no,Asia,yes,yes,yes,yes
Amazon,RH52,0.87075,0.204,0.0159,0.03,0,0.114,0.0136986,0.4932,500,3000,4,16,500,yes,yes,both,no,partially upfront,1 Year commitment,Dedicated,Standard,Linux,yes,no,Asia,yes,yes,yes,yes
Amazon,RH53,0.86775,0.201,0.0159,0.03,0,0.114,0.0136986,0.4932,500,3000,4,16,500,yes,yes,both,no,All upfront,1 Year commitment,Dedicated,Standard,Linux,yes,no,Asia,yes,yes,yes,yes
Amazon,RH54,0.82175,0.155,0.0159,0.03,0,0.114,0.0136986,0.4932,500,3000,4,16,500,yes,yes,both,no,All upfront,3 Year commitment,Dedicated,Standard,Linux,yes,no,Asia,yes,yes,yes,yes
Amazon,RH55,0.82675,0.16,0.0159,0.03,0,0.114,0.0136986,0.4932,500,3000,4,16,500,yes,yes,both,no,partially upfront,3 Year commitment,Dedicated,Standard,Linux,yes,no,Asia,yes,yes,yes,yes
Amazon,RH56,0.1865,0.0768,0.0097,0.1,0,0,0,0,30,300,2,8,300,yes,no,both,no,no upfront,No commitment,On Demand,Standard,free,no,no,Europe,yes,yes,yes,yes
Amazon,RH57,0.1577,0.048,0.0097,0.1,0,0,0,0,30,300,2,8,300,yes,no,both,no,no upfront,1 Year commitment,On Demand,Standard,free,no,no,Europe,yes,yes,yes,yes
Amazon,RH58,0.1557,0.046,0.0097,0.1,0,0,0,0,30,300,2,8,300,yes,no,both,no,partially upfront,1 Year commitment,On Demand,Standard,free,no,no,Europe,yes,yes,yes,yes
Amazon,RH59,0.1547,0.045,0.0097,0.1,0,0,0,0,400,300,2,8,300,yes,no,both,no,All upfront,1 Year commitment,On Demand,Standard,free,no,no,Europe,yes,yes,yes,yes
Amazon,RH60,0.1427,0.033,0.0097,0.1,0,0,0,0,400,300,2,8,300,yes,no,both,no,no upfront,3 Year commitment,On Demand,Standard,free,no,no,Europe,yes,yes,yes,yes
Amazon,RH61,0.1407,0.031,0.0097,0.1,0,0,0,0,400,300,2,8,300,yes,no,both,no,partially upfront,3 Year commitment,On Demand,Standard,free,no,no,Europe,yes,yes,yes,yes
Amazon,RH62,0.1387,0.029,0.0097,0.1,0,0,0,0,400,300,2,8,300,yes,no,both,no,All upfront,3 Year commitment,On Demand,Standard,free,no,no,Europe,yes,yes,yes,yes
Amazon,RH63,0.16346,0.05376,0.0097,0.1,0,0,0,0,400,300,2,8,300,yes,no,both,no,no upfront,No commitment,Spot,Standard,free,no,no,Europe,yes,yes,yes,yes
Amazon,RH64,0.2333,0.1236,0.0097,0.1,0,0,0,0,400,600,2,8,300,yes,no,both,no,no upfront,No commitment,On Demand,Standard,Windows,no,no,Europe,yes,yes,yes,yes
Amazon,RH65,0.19622,0.08652,0.0097,0.1,0,0,0,0,400,600,2,8,300,yes,no,both,no,no upfront,No commitment,Spot,Standard,Windows,no,no,Europe,yes,yes,yes,yes
Amazon,RH66,0.21925,0.088,0.03125,0.1,0,0,0,0,400,600,2,8,1000,yes,no,both,no,no upfront,1 Year commitment,On Demand,Standard,Windows,no,no,Europe,yes,yes,yes,yes
Amazon,RH67,0.21625,0.085,0.03125,0.1,0,0,0,0,400,600,2,8,1000,yes,no,both,no,partially upfront,1 Year commitment,On Demand,Standard,Windows,no,no,Europe,yes,yes,yes,yes
Amazon,RH68,0.21525,0.084,0.03125,0.1,0,0,0,0,500,600,2,8,1000,yes,no,both,no,All upfront,1 Year commitment,On Demand,Standard,Windows,no,no,Europe,yes,yes,yes,yes
Amazon,RH69,0.20025,0.069,0.03125,0.1,0,0,0,0,500,600,2,8,1000,yes,no,both,no,no upfront,3 Year commitment,On Demand,Standard,Windows,no,no,Europe,yes,yes,yes,yes
Amazon,RH70,0.19725,0.066,0.03125,0.1,0,0,0,0,500,600,2,8,1000,yes,no,both,no,partially upfront,3 Year commitment,On Demand,Standard,Windows,no,no,Europe,yes,yes,yes,yes
Amazon,RH71,0.19525,0.064,0.03125,0.1,0,0,0,0,500,600,2,8,1000,yes,no,both,no,All upfront,3 Year commitment,On Demand,Standard,Windows,no,no,Europe,yes,yes,yes,yes
Amazon,RH72,0.26805,0.1368,0.03125,0.1,0,0,0,0,500,600,2,8,1000,yes,no,both,no,no upfront,No commitment,On Demand,Standard,Linux,no,no,Europe,yes,yes,yes,yes
Amazon,RH73,0.22701,0.09576,0.03125,0.1,0,0,0,0,500,600,2,8,1000,yes,no,both,no,no upfront,No commitment,Spot,Standard,Linux,no,no,Europe,yes,yes,yes,yes
Amazon,RH74,0.23925,0.108,0.03125,0.1,0,0,0,0,500,600,2,8,1000,yes,no,both,no,no upfront,1 Year commitment,On Demand,Standard,Linux,no,no,Europe,yes,yes,yes,yes
Amazon,RH75,0.23725,0.106,0.03125,0.1,0,0,0,0,500,600,2,8,1000,yes,no,both,no,partially upfront,1 Year commitment,On Demand,Standard,Linux,no,no,Europe,yes,yes,yes,yes
Amazon,RH76,0.23625,0.105,0.03125,0.1,0,0,0,0,500,600,2,8,1000,yes,no,both,no,All upfront,1 Year commitment,On Demand,Standard,Linux,no,no,Europe,yes,yes,yes,yes
Amazon,RH77,0.34354,0.089,0.03125,0.1,0,0,0,0.1233,500,1000,2,8,1000,yes,no,both,no,no upfront,3 Year commitment,On Demand,Standard,Linux,no,no,Europe,yes,yes,yes,yes
Amazon,RH78,0.34154,0.087,0.03125,0.1,0,0,0,0.1233,500,1000,2,8,1000,yes,no,both,no,partially upfront,3 Year commitment,On Demand,Standard,Linux,no,no,Europe,yes,yes,yes,yes
Amazon,RH79,0.32617,0.089,0.01388,0.1,0,0,0,0.1233,100,1000,2,8,400,yes,no,both,no,All upfront,3 Year commitment,On Demand,Standard,Linux,no,no,Europe,yes,yes,yes,yes
Amazon,RH80,2.99246,1.4868,0.0084,0.1,0,0,0,1.3973,9000,12000,32,64,400,yes,no,both,no,no upfront,No commitment,On Demand,SSD,Linux,no,no,US,yes,yes,yes,yes
Amazon,RH81,2.49066,0.985,0.0084,0.1,0,0,0,1.3973,9000,12000,32,64,400,yes,no,both,no,no upfront,1 Year commitment,On Demand,SSD,Linux,no,no,US,yes,yes,yes,yes
Amazon,RH82,2.22166,0.716,0.0084,0.1,0,0,0,1.3973,9000,12000,32,64,400,yes,no,both,no,no upfront,3 Year commitment,On Demand,SSD,Linux,no,no,US,yes,yes,yes,yes
Amazon,RH83,2.44966,0.944,0.0084,0.1,0,0,0,1.3973,9000,12000,32,64,400,yes,no,both,no,partially upfront,1 Year commitment,On Demand,SSD,Linux,no,no,US,yes,yes,yes,yes
Amazon,RH84,3.36517,0.928,0.0084,0.1,0,0,0,2.3288,9000,20000,32,64,400,yes,no,both,no,All upfront,1 Year commitment,On Demand,SSD,Linux,no,no,US,yes,yes,yes,yes
Amazon,RH85,3.11017,0.673,0.0084,0.1,0,0,0,2.3288,9000,20000,32,64,400,yes,no,both,no,partially upfront,3 Year commitment,On Demand,SSD,Linux,no,no,US,yes,yes,yes,yes
Amazon,RH86,3.07717,0.64,0.0084,0.1,0,0,0,2.3288,9000,20000,32,64,400,yes,no,both,no,All upfront,3 Year commitment,On Demand,SSD,Linux,no,no,US,yes,yes,yes,yes
Amazon,RH87,5.42217,2.985,0.0084,0.1,0,0,0,2.3288,9000,20000,32,64,400,yes,no,both,no,no upfront,No commitment,Dedicated,SSD,free,no,no,US,yes,yes,yes,yes
Amazon,RH88,4.31817,1.881,0.0084,0.1,0,0,0,2.3288,9000,20000,32,64,400,yes,no,both,no,no upfront,1 Year commitment,Dedicated,SSD,free,no,no,US,yes,yes,yes,yes
Amazon,RH89,4.22717,1.79,0.0084,0.1,0,0,0,2.3288,10000,20000,32,64,400,yes,no,both,no,partially upfront,1 Year commitment,Dedicated,SSD,free,no,no,US,yes,yes,yes,yes
Amazon,RH90,7.68532,1.755,0.0084,0.1,0,0,0,5.8219,10000,50000,32,64,400,yes,no,both,no,All upfront,1 Year commitment,Dedicated,SSD,free,no,no,US,yes,yes,yes,yes
Amazon,RH91,7.22032,1.29,0.0084,0.1,0,0,0,5.8219,10000,50000,32,64,400,yes,no,both,no,no upfront,3 Year commitment,Dedicated,SSD,free,no,no,US,yes,yes,yes,yes
Amazon,RH92,7.12432,1.194,0.0084,0.1,0,0,0,5.8219,10000,50000,32,64,400,yes,no,both,no,partially upfront,3 Year commitment,Dedicated,SSD,free,no,no,US,yes,yes,yes,yes
Amazon,RH93,7.05232,1.122,0.0084,0.1,0,0,0,5.8219,10000,50000,32,64,400,yes,no,both,no,All upfront,3 Year commitment,Dedicated,SSD,free,no,no,US,yes,yes,yes,yes
Amazon,RH94,4.50076,3.154,0.01388,0.1,0,0,0,1.2329,1000,10000,8,32,400,yes,no,both,no,no upfront,No commitment,Dedicated,SSD,free,no,no,US,yes,yes,yes,yes
Amazon,RH95,2.76976,1.423,0.01388,0.1,0,0,0,1.2329,1000,10000,8,32,400,yes,no,both,no,All upfront,3 Year commitment,Dedicated,SSD,free,no,no,US,yes,yes,yes,yes
Amazon,RH96,2.13213,0.868,0.03125,0,0,0,0,1.2329,1000,10000,8,32,1000,no,no,both,yes,no upfront,No commitment,On Demand,SSD,free,no,no,Europe,yes,yes,yes,yes
Amazon,RH97,1.92613,0.662,0.03125,0,0,0,0,1.2329,1000,10000,8,32,1000,no,no,both,yes,All upfront,1 Year commitment,On Demand,SSD,Windows,no,no,Europe,yes,yes,yes,yes
Amazon,RH98,1.83213,0.568,0.03125,0,0,0,0,1.2329,2000,10000,8,32,1000,no,no,both,yes,partially upfront,3 Year commitment,On Demand,SSD,Windows,no,no,Europe,yes,yes,yes,yes
Amazon,RH99,1.61133,0.3472,0.03125,0,0,0,0,1.2329,2000,10000,8,32,1000,no,no,both,yes,no upfront,No commitment,Spot,SSD,free,no,no,Europe,yes,yes,yes,yes
Amazon,RH100,1.70913,0.445,0.03125,0,0,0,0,1.2329,2000,10000,8,32,1000,no,no,both,yes,no upfront,1 Year commitment,On Demand,SSD,Linux,no,no,Europe,yes,yes,yes,yes
Amazon,RH101,1.69413,0.43,0.03125,0,0,0,0,1.2329,2000,10000,8,32,1000,no,no,both,yes,partially upfront,1 Year commitment,On Demand,SSD,Linux,no,no,Europe,yes,yes,yes,yes
Amazon,RH102,1.74651,0.318,0.03125,0,0,0,0,1.3973,2000,12000,8,32,1000,no,no,both,yes,All upfront,3 Year commitment,On Demand,SSD,Linux,no,no,Europe,yes,yes,yes,yes
Amazon,RH103,1.77451,0.346,0.03125,0,0,0,0,1.3973,2000,12000,8,32,1000,no,no,both,yes,no upfront,3 Year commitment,On Demand,SSD,Linux,no,no,Europe,yes,yes,yes,yes
Amazon,RH104,1.72251,0.294,0.03125,0,0,0,0,1.3973,2000,12000,8,32,1000,no,no,both,yes,All upfront,1 Year commitment,On Demand,SSD,free,no,no,Europe,yes,yes,yes,yes
Amazon,RH105,1.61651,0.188,0.03125,0,0,0,0,1.3973,5000,12000,8,32,1000,no,no,both,yes,partially upfront,3 Year commitment,On Demand,SSD,free,no,no,Europe,yes,yes,yes,yes
Amazon,RH106,0.30425,0.1364,0.00347,0,0,0,0,0.1644,30,1000,2,8,100,no,no,both,yes,no upfront,No commitment,On Demand,SSD,Windows,no,no,Asia,yes,yes,yes,yes
Amazon,RH107,0.24408,0.0728,0.0069,0,0,0,0,0.1644,30,1000,2,4,200,no,no,both,yes,no upfront,No commitment,On Demand,SSD,Windows,no,no,Asia,yes,yes,yes,yes
Amazon,RH108,0.57279,0.398,0.01041,0,0,0,0,0.1644,30,1000,4,8,300,no,no,both,yes,no upfront,No commitment,On Demand,SSD,Windows,no,no,Asia,yes,yes,yes,yes
Amazon,RH109,0.46938,0.2912,0.0138,0,0,0,0,0.1644,100,1000,4,16,400,no,no,both,yes,no upfront,No commitment,On Demand,SSD,Windows,no,no,Asia,yes,yes,yes,yes
Amazon,RH110,3.2525,1.592,0.01666,0,0,0,0,1.6438,1000,10000,16,32,500,no,no,both,yes,no upfront,No commitment,On Demand,SSD,Windows,no,no,Asia,yes,yes,yes,yes
Amazon,RH111,3.44374,1.768,0.0319,0,0,0,0,1.6438,1000,10000,16,64,1000,no,no,both,yes,no upfront,No commitment,On Demand,SSD,Windows,no,no,Asia,yes,yes,yes,yes
Amazon,RH112,3.47931,1.832,0.00347,0,0,0,0,1.6438,1000,10000,16,128,100,no,no,both,yes,no upfront,No commitment,On Demand,SSD,Windows,no,no,Asia,yes,yes,yes,yes
Amazon,RH113,4.65624,3.008,0.0044,0,0,0,0,1.6438,500,10000,32,64,200,no,no,both,yes,no upfront,No commitment,On Demand,SSD,Windows,no,no,Asia,yes,yes,yes,yes
Amazon,RH114,5.11364,3.456,0.0138,0,0,0,0,1.6438,500,10000,32,128,500,no,no,both,yes,no upfront,No commitment,On Demand,SSD,Windows,no,no,Asia,yes,yes,yes,yes
Amazon,RH115,3.70234,2.0309,0.0276,0,0,0,0,1.6438,500,10000,32,128,1000,no,no,both,yes,no upfront,No commitment,Spot,SSD,Windows,no,no,Asia,yes,yes,yes,yes
Amazon,RH116,3.26716,1.3172,0.0097,0.03,0,0.513,0,1.3973,5000,12000,12,48,300,yes,no,both,no,no upfront,No commitment,On Demand,Standard,Linux,yes,no,Europe,yes,yes,yes,yes
Amazon,RH117,2.31096,0.646,0.0097,0.03,0,0.228,0,1.3973,5000,12000,12,48,300,yes,no,both,no,no upfront,3 Year commitment,On Demand,Standard,Linux,yes,no,Europe,yes,yes,yes,yes
Amazon,RH118,2.27196,0.607,0.0097,0.03,0,0.228,0,1.3973,5000,12000,12,48,300,yes,no,both,no,partially upfront,3 Year commitment,On Demand,Standard,Linux,yes,no,Europe,yes,yes,yes,yes
Amazon,RH119,2.24396,0.579,0.0097,0.03,0,0.228,0,1.3973,5000,12000,12,48,300,yes,no,both,no,All upfront,3 Year commitment,On Demand,Standard,Linux,yes,no,Europe,yes,yes,yes,yes
Amazon,RH120,2.28896,0.624,0.0097,0.03,0,0.228,0,1.3973,5000,12000,12,48,300,yes,no,both,no,All upfront,3 Year commitment,Dedicated,Standard,Linux,yes,no,Europe,yes,yes,yes,yes
Amazon,RH121,3.58547,0.875,0.0097,0.03,0,0.342,0,2.3288,5000,20000,12,48,300,yes,no,both,no,no upfront,1 Year commitment,On Demand,Standard,Linux,yes,no,Europe,yes,yes,yes,yes
Amazon,RH122,3.54947,0.839,0.0097,0.03,0,0.342,0,2.3288,5000,20000,12,48,300,yes,no,both,no,partially upfront,1 Year commitment,On Demand,Standard,Linux,yes,no,Europe,yes,yes,yes,yes
Amazon,RH123,3.53547,0.825,0.0097,0.03,0,0.342,0,2.3288,5000,20000,12,48,300,yes,no,both,no,All upfront,1 Year commitment,On Demand,Standard,Linux,yes,no,Europe,yes,yes,yes,yes
Amazon,RH124,3.29347,0.697,0.0097,0.03,0,0.228,0,2.3288,5000,20000,12,48,300,yes,no,both,no,no upfront,3 Year commitment,Dedicated,Standard,Linux,yes,no,Europe,yes,yes,yes,yes
Amazon,RH125,3.25147,0.655,0.0097,0.03,0,0.228,0,2.3288,1000,20000,12,48,300,yes,no,both,no,partially upfront,3 Year commitment,Dedicated,Standard,Linux,yes,no,Europe,yes,yes,yes,yes
Amazon,RH126,0.4747,0.14,0.01041,0.03,0,0.171,0,0.1233,100,1000,2,8,300,yes,no,both,no,no upfront,No commitment,On Demand,Standard,Linux,yes,no,US,yes,yes,yes,yes
Amazon,RH127,0.68527,0.161,0.01041,0.03,0,0.114,0,0.3699,100,3000,4,16,300,yes,no,both,no,no upfront,1 Year commitment,On Demand,Standard,Linux,yes,no,US,yes,yes,yes,yes
Amazon,RH128,3.18038,0.4692,0.01041,0.03,0,0.342,0,2.3288,1000,20000,8,16,300,yes,no,both,no,no upfront,No commitment,On Demand,Standard,Linux,yes,no,US,yes,yes,yes,yes
Amazon,RH129,2.91918,0.322,0.01041,0.03,0,0.228,0,2.3288,1000,20000,8,32,300,yes,no,both,no,partially upfront,1 Year commitment,On Demand,Standard,Linux,yes,no,US,yes,yes,yes,yes
Amazon,RH130,4.17463,1.2862,0.01666,0.03,0,0.513,0,2.3288,1000,20000,12,48,500,yes,no,both,no,no upfront,No commitment,On Demand,Standard,Linux,yes,no,US,yes,yes,yes,yes
Amazon,RH131,2.83774,0.806,0.0159,0.03,0,0.342,0,1.6438,1000,10000,12,48,500,yes,no,both,no,All upfront,1 Year commitment,On Demand,Standard,Linux,yes,no,Asia,yes,yes,yes,yes
Amazon,RH132,3.47654,1.1028,0.0159,0.03,0,0.684,0,1.6438,1000,10000,16,128,500,yes,no,both,no,no upfront,No commitment,On Demand,Standard,Linux,yes,no,Asia,yes,yes,yes,yes
Amazon,RH133,2.48074,0.335,0.0159,0.03,0,0.456,0,1.6438,1000,10000,16,32,500,yes,no,both,no,partially upfront,3 Year commitment,On Demand,Standard,Linux,yes,no,Asia,yes,yes,yes,yes
Amazon,RH134,4.55264,1.4996,0.0112,0.03,0,1.368,0,1.6438,500,10000,32,64,500,yes,no,both,no,no upfront,No commitment,On Demand,Standard,Linux,yes,no,Asia,yes,yes,yes,yes
Amazon,RH135,3.32904,0.732,0.0112,0.03,0,0.912,0,1.6438,500,10000,32,128,500,yes,no,both,no,All upfront,3 Year commitment,On Demand,Standard,Linux,yes,no,Asia,yes,yes,yes,yes
Amazon,RH136,4.17387,1.2862,0.0159,0.03,0,0.513,0,2.3288,1000,20000,12,48,500,yes,no,both,no,no upfront,No commitment,On Demand,Standard,Linux,yes,no,Asia,yes,yes,yes,yes
Amazon,RH137,0.65888,0.2776,0.0159,0.03,0,0.171,0,0.1644,100,1000,4,16,500,yes,no,both,no,no upfront,No commitment,On Demand,Standard,Linux,yes,no,Asia,yes,yes,yes,yes
Amazon,RH138,0.47828,0.154,0.0159,0.03,0,0.114,0,0.1644,100,1000,4,16,500,yes,no,both,no,no upfront,3 Year commitment,On Demand,Standard,Linux,yes,no,Asia,yes,yes,yes,yes
Amazon,RH139,3.87287,1.1562,0.0159,0.03,0,0.342,0,2.3288,1000,20000,12,48,500,yes,no,both,no,partially upfront,1 Year commitment,On Demand,Standard,Linux,yes,no,Asia,yes,yes,yes,yes
Amazon,RH140,3.97187,1.2552,0.0159,0.03,0,0.342,0,2.3288,1000,20000,12,48,500,yes,no,both,no,no upfront,1 Year commitment,On Demand,Standard,Linux,yes,no,Asia,yes,yes,yes,yes
Amazon,RH141,3.70227,0.6436,0.0159,0.03,0,0.684,0,2.3288,1000,20000,16,32,500,yes,no,both,no,no upfront,No commitment,On Demand,Standard,Linux,yes,no,Asia,yes,yes,yes,yes
Amazon,RH142,3.28467,0.454,0.0159,0.03,0,0.456,0,2.3288,1000,20000,16,32,500,yes,no,both,no,no upfront,1 Year commitment,On Demand,Standard,Linux,yes,no,Asia,yes,yes,yes,yes
Amazon,RH143,2.33116,0.432,0.0159,0.03,0,0.456,0,1.3973,1000,12000,16,32,500,yes,no,both,no,All upfront,1 Year commitment,On Demand,Standard,Linux,yes,no,Asia,yes,yes,yes,yes
Amazon,RH144,2.22216,0.323,0.0159,0.03,0,0.456,0,1.3973,1000,12000,16,32,500,yes,no,both,no,All upfront,3 Year commitment,On Demand,Standard,Linux,yes,no,Asia,yes,yes,yes,yes
Amazon,RH145,2.25116,0.352,0.0159,0.03,0,0.456,0,1.3973,1000,12000,16,32,500,yes,no,both,no,no upfront,3 Year commitment,On Demand,Standard,Linux,yes,no,Asia,yes,yes,yes,yes
Amazon,RH146,4.76704,1.714,0.0112,0.03,0,1.368,0,1.6438,500,10000,32,128,500,yes,no,both,no,no upfront,No commitment,On Demand,Standard,Linux,yes,no,Asia,yes,yes,yes,yes
Amazon,RH147,3.73504,1.138,0.0112,0.03,0,0.912,0,1.6438,500,10000,32,128,500,yes,no,both,no,no upfront,1 Year commitment,On Demand,Standard,Linux,yes,no,Asia,yes,yes,yes,yes
Amazon,RH148,4.37197,1.09,0.0112,0.03,0,0.912,0,2.3288,5000,20000,32,128,500,yes,no,both,no,partially upfront,1 Year commitment,On Demand,Standard,Linux,yes,no,Asia,yes,yes,yes,yes
Amazon,RH149,4.35297,1.071,0.0112,0.03,0,0.912,0,2.3288,5000,20000,32,128,500,yes,no,both,no,All upfront,1 Year commitment,On Demand,Standard,Linux,yes,no,Asia,yes,yes,yes,yes
Amazon,RH150,4.10297,0.821,0.0112,0.03,0,0.912,0,2.3288,5000,20000,32,128,500,yes,no,both,no,no upfront,3 Year commitment,On Demand,Standard,Linux,yes,no,Asia,yes,yes,yes,yes
Amazon,RH151,4.05197,0.77,0.0112,0.03,0,0.912,0,2.3288,5000,20000,32,128,500,yes,no,both,no,partially upfront,3 Year commitment,On Demand,Standard,Linux,yes,no,Asia,yes,yes,yes,yes
Amazon,RH152,5.54797,1.81,0.0112,0.03,0,1.368,0,2.3288,5000,20000,32,128,500,yes,no,both,no,no upfront,No commitment,Dedicated,Standard,Linux,yes,no,Asia,yes,yes,yes,yes
Amazon,RH153,7.60312,0.828,0.0112,0.03,0,0.912,0,5.8219,5000,50000,32,128,500,yes,no,both,no,All upfront,3 Year commitment,Dedicated,Standard,Linux,yes,no,Asia,yes,yes,yes,yes
Amazon,RH154,7.64112,0.866,0.0112,0.03,0,0.912,0,5.8219,5000,50000,32,128,500,yes,no,both,no,partially upfront,3 Year commitment,Dedicated,Standard,Linux,yes,no,Asia,yes,yes,yes,yes
Amazon,RH155,7.69212,0.917,0.0112,0.03,0,0.912,0,5.8219,10000,50000,32,128,500,yes,no,both,no,no upfront,3 Year commitment,Dedicated,Standard,Linux,yes,no,Asia,yes,yes,yes,yes
Amazon,RH156,8.00912,1.234,0.0112,0.03,0,0.912,0,5.8219,10000,50000,32,128,500,yes,no,both,no,no upfront,1 Year commitment,Dedicated,Standard,Linux,yes,no,Asia,yes,yes,yes,yes
Amazon,RH157,7.96112,1.186,0.0112,0.03,0,0.912,0,5.8219,10000,50000,32,128,500,yes,no,both,no,partially upfront,1 Year commitment,Dedicated,Standard,Linux,yes,no,Asia,yes,yes,yes,yes
Amazon,RH158,7.94212,1.167,0.0112,0.03,0,0.912,0,5.8219,10000,50000,32,128,500,yes,no,both,no,All upfront,1 Year commitment,Dedicated,Standard,Linux,yes,no,Asia,yes,yes,yes,yes
Amazon,RH159,0.52128,0.197,0.0159,0.03,0,0.114,0,0.1644,100,1000,4,16,500,yes,no,both,no,no upfront,1 Year commitment,On Demand,Standard,Linux,yes,no,Asia,yes,yes,yes,yes
Amazon,RH160,0.51528,0.191,0.0159,0.03,0,0.114,0,0.1644,100,1000,4,16,500,yes,no,both,no,partially upfront,1 Year commitment,On Demand,Standard,Linux,yes,no,Asia,yes,yes,yes,yes
Amazon,RH161,0.51228,0.188,0.0159,0.03,0,0.114,0,0.1644,100,1000,4,16,500,yes,no,both,no,All upfront,1 Year commitment,On Demand,Standard,Linux,yes,no,Asia,yes,yes,yes,yes
Amazon,RH162,0.80005,0.147,0.0159,0.03,0,0.114,0,0.4932,400,3000,4,16,500,yes,no,both,no,partially upfront,3 Year commitment,On Demand,Standard,Linux,yes,no,Asia,yes,yes,yes,yes
Amazon,RH163,0.79505,0.142,0.0159,0.03,0,0.114,0,0.4932,400,3000,4,16,500,yes,no,both,no,All upfront,3 Year commitment,On Demand,Standard,Linux,yes,no,Asia,yes,yes,yes,yes
Amazon,RH164,0.87705,0.167,0.0159,0.03,0,0.171,0,0.4932,400,3000,4,16,500,yes,no,both,no,no upfront,3 Year commitment,Dedicated,Standard,Linux,yes,no,Asia,yes,yes,yes,yes
Amazon,RH165,0.94485,0.2918,0.0159,0.03,0,0.114,0,0.4932,400,3000,4,16,500,yes,no,both,no,no upfront,No commitment,Dedicated,Standard,Linux,yes,no,Asia,yes,yes,yes,yes
Amazon,RH166,0.86305,0.21,0.0159,0.03,0,0.114,0,0.4932,500,3000,4,16,500,yes,no,both,no,no upfront,1 Year commitment,Dedicated,Standard,Linux,yes,no,Asia,yes,yes,yes,yes
Amazon,RH167,0.85705,0.204,0.0159,0.03,0,0.114,0,0.4932,500,3000,4,16,500,yes,no,both,no,partially upfront,1 Year commitment,Dedicated,Standard,Linux,yes,no,Asia,yes,yes,yes,yes
Amazon,RH168,0.85405,0.201,0.0159,0.03,0,0.114,0,0.4932,500,3000,4,16,500,yes,no,both,no,All upfront,1 Year commitment,Dedicated,Standard,Linux,yes,no,Asia,yes,yes,yes,yes
Amazon,RH169,0.80805,0.155,0.0159,0.03,0,0.114,0,0.4932,500,3000,4,16,500,yes,no,both,no,All upfront,3 Year commitment,Dedicated,Standard,Linux,yes,no,Asia,yes,yes,yes,yes
Amazon,RH170,0.81305,0.16,0.0159,0.03,0,0.114,0,0.4932,500,3000,4,16,500,yes,no,both,no,partially upfront,3 Year commitment,Dedicated,Standard,Linux,yes,no,Asia,yes,yes,yes,yes
Google,S2,0.41248,0.172668,0.0065,0,0.184,0,0,0.0493,100,300,4,16,100,no,no,both,no,no upfront,No commitment,On Demand,Standard,Windows,no,no,Europe,yes,yes,yes,yes
Google,S3,0.23606,0.172668,0.0065,0,0.007577,0,0,0.0493,100,300,4,16,100,no,no,both,no,no upfront,No commitment,On Demand,Standard,Linux,no,no,Europe,yes,yes,yes,yes
Google,S4,0.25028,0.172668,0.0283,0,0,0,0,0.0493,100,300,4,16,100,no,no,both,no,no upfront,No commitment,On Demand,SSD,free,no,no,Europe,yes,yes,yes,yes
Google,S5,0.43428,0.172668,0.0283,0,0.184,0,0,0.0493,100,300,4,16,100,no,no,both,no,no upfront,No commitment,On Demand,SSD,Windows,no,no,Europe,yes,yes,yes,yes
Google,S6,0.25028,0.172668,0.0283,0,0,0,0,0.0493,100,300,4,16,100,no,no,both,no,no upfront,No commitment,On Demand,SSD,Linux,no,no,Europe,yes,yes,yes,yes
Google,S7,0.11518,0.051788,0.0065,0,0.007577,0,0,0.0493,400,300,4,16,100,no,no,both,no,no upfront,No commitment,Spot,Standard,free,no,no,Europe,yes,yes,yes,yes
Google,S8,0.2916,0.051788,0.0065,0,0.184,0,0,0.0493,400,300,4,16,100,no,no,both,no,no upfront,No commitment,Spot,Standard,Windows,no,no,Europe,yes,yes,yes,yes
Google,S9,0.11518,0.051788,0.0065,0,0.007577,0,0,0.0493,400,300,4,16,100,no,no,both,no,no upfront,No commitment,Spot,Standard,Linux,no,no,Europe,yes,yes,yes,yes
Google,S10,0.17872,0.051788,0.0283,0,0,0,0,0.0986,400,600,4,16,100,no,no,both,no,no upfront,No commitment,Spot,SSD,free,no,no,Europe,yes,yes,yes,yes
Google,S11,0.36272,0.051788,0.0283,0,0.184,0,0,0.0986,400,600,4,16,100,no,no,both,no,no upfront,No commitment,Spot,SSD,Windows,no,no,Europe,yes,yes,yes,yes
Google,S12,0.1863,0.051788,0.0283,0,0.007577,0,0,0.0986,400,600,4,16,100,no,no,both,no,no upfront,No commitment,Spot,SSD,Linux,no,no,Europe,yes,yes,yes,yes
Google,S13,0.2139,0.108772,0.0065,0,0,0,0,0.0986,500,600,4,16,100,no,no,both,no,no upfront,1 Year commitment,On Demand,Standard,free,no,no,Europe,yes,yes,yes,yes
Google,S14,0.3979,0.108772,0.0065,0,0.184,0,0,0.0986,500,600,4,16,100,no,no,both,no,no upfront,1 Year commitment,On Demand,Standard,Windows,no,no,Europe,yes,yes,yes,yes
Google,S15,0.22148,0.108772,0.0065,0,0.007577,0,0,0.0986,500,600,4,16,100,no,no,both,no,no upfront,1 Year commitment,On Demand,Standard,Linux,no,no,Europe,yes,yes,yes,yes
Google,S16,0.2357,0.108772,0.0283,0,0,0,0,0.0986,500,600,4,16,100,no,no,both,no,no upfront,1 Year commitment,On Demand,SSD,free,no,no,Europe,yes,yes,yes,yes
Google,S17,0.4197,0.108772,0.0283,0,0.184,0,0,0.0986,500,600,4,16,100,no,no,both,no,no upfront,1 Year commitment,On Demand,SSD,Windows,no,no,Europe,yes,yes,yes,yes
Google,S18,0.30903,0.108772,0.0283,0,0.007577,0,0,0.1644,500,1000,4,16,100,no,no,both,no,no upfront,1 Year commitment,On Demand,SSD,Linux,no,no,Europe,yes,yes,yes,yes
Google,S19,0.24857,0.077688,0.0065,0,0,0,0,0.1644,500,1000,4,16,100,no,no,both,no,no upfront,3 Year commitment,On Demand,Standard,free,no,no,Europe,yes,yes,yes,yes
Google,S20,0.43257,0.077688,0.0065,0,0.184,0,0,0.1644,500,1000,4,16,100,no,no,both,no,no upfront,3 Year commitment,On Demand,Standard,Windows,no,no,Europe,yes,yes,yes,yes
Google,S21,0.25615,0.077688,0.0065,0,0.007577,0,0,0.1644,500,1000,4,16,100,no,no,both,no,no upfront,3 Year commitment,On Demand,Standard,Linux,no,no,Europe,yes,yes,yes,yes
Google,S22,0.27037,0.077688,0.0283,0,0,0,0,0.1644,500,1000,4,16,100,no,no,both,no,no upfront,3 Year commitment,On Demand,SSD,free,no,no,Europe,yes,yes,yes,yes
Google,S23,0.45437,0.077688,0.0283,0,0.184,0,0,0.1644,500,1000,4,16,100,no,no,both,no,no upfront,3 Year commitment,On Demand,SSD,Windows,no,no,Europe,yes,yes,yes,yes
Google,S24,0.27795,0.077688,0.0283,0,0.007577,0,0,0.1644,500,1000,4,16,100,no,no,both,no,no upfront,3 Year commitment,On Demand,SSD,Linux,no,no,Europe,yes,yes,yes,yes
Google,S25,0.45583,0.172668,0.0133,0.1,0,0,0.0054795,0.1644,400,1000,4,16,100,yes,yes,both,no,no upfront,No commitment,On Demand,Standard,free,no,no,Europe,yes,yes,yes,yes
Google,S26,0.63983,0.172668,0.0133,0.1,0.184,0,0.0054795,0.1644,400,1000,4,16,100,yes,yes,both,no,no upfront,No commitment,On Demand,Standard,Windows,no,no,Europe,yes,yes,yes,yes
Google,S27,0.46341,0.172668,0.0133,0.1,0.007577,0,0.0054795,0.1644,400,1000,4,16,100,yes,yes,both,no,no upfront,No commitment,On Demand,Standard,Linux,no,no,Europe,yes,yes,yes,yes
Google,S28,0.49913,0.172668,0.0566,0.1,0,0,0.0054795,0.1644,400,1000,4,16,100,yes,yes,both,no,no upfront,No commitment,On Demand,SSD,free,no,no,Europe,yes,yes,yes,yes
Google,S29,0.68313,0.172668,0.0566,0.1,0.184,0,0.0054795,0.1644,400,1000,4,16,100,yes,yes,both,no,no upfront,No commitment,On Demand,SSD,Windows,no,no,Europe,yes,yes,yes,yes
Google,S30,0.50671,0.172668,0.0566,0.1,0.007577,0,0.0054795,0.1644,400,1000,4,16,100,yes,yes,both,no,no upfront,No commitment,On Demand,SSD,Linux,no,no,Europe,yes,yes,yes,yes
Google,S31,0.77331,0.051788,0.0133,0.1,0,0,0.0054795,0.6027,400,4000,4,16,100,yes,yes,both,no,no upfront,No commitment,Spot,Standard,free,no,no,Europe,yes,yes,yes,yes
Google,S32,0.95731,0.051788,0.0133,0.1,0.184,0,0.0054795,0.6027,400,4000,4,16,100,yes,yes,both,no,no upfront,No commitment,Spot,Standard,Windows,no,no,Europe,yes,yes,yes,yes
Google,S33,0.78088,0.051788,0.0133,0.1,0.007577,0,0.0054795,0.6027,400,4000,4,16,100,yes,yes,both,no,no upfront,No commitment,Spot,Standard,Linux,no,no,Europe,yes,yes,yes,yes
Google,S34,0.81661,0.051788,0.0566,0.1,0,0,0.0054795,0.6027,400,4000,4,16,100,yes,yes,both,no,no upfront,No commitment,Spot,SSD,free,no,no,Europe,yes,yes,yes,yes
Google,S35,1.00061,0.051788,0.0566,0.1,0.184,0,0.0054795,0.6027,400,4000,4,16,100,yes,yes,both,no,no upfront,No commitment,Spot,SSD,Windows,no,no,Europe,yes,yes,yes,yes
Google,S36,0.82418,0.051788,0.0566,0.1,0.007577,0,0.0054795,0.6027,400,4000,4,16,100,yes,yes,both,no,no upfront,No commitment,Spot,SSD,Linux,no,no,Europe,yes,yes,yes,yes
Google,S37,0.83029,0.108772,0.0133,0.1,0,0,0.0054795,0.6027,400,4000,4,16,100,yes,yes,both,no,no upfront,1 Year commitment,On Demand,Standard,free,no,no,Europe,yes,yes,yes,yes
Google,S38,1.01429,0.108772,0.0133,0.1,0.184,0,0.0054795,0.6027,400,4000,4,16,100,yes,yes,both,no,no upfront,1 Year commitment,On Demand,Standard,Windows,no,no,Europe,yes,yes,yes,yes
Google,S39,0.39951,0.108772,0.0133,0.1,0.007577,0,0.0054795,0.1644,400,1000,4,16,100,yes,yes,both,no,no upfront,1 Year commitment,On Demand,Standard,Linux,no,no,Europe,yes,yes,yes,yes
Google,S40,0.43524,0.108772,0.0566,0.1,0,0,0.0054795,0.1644,400,1000,4,16,100,yes,yes,both,no,no upfront,1 Year commitment,On Demand,SSD,free,no,no,Europe,yes,yes,yes,yes
Google,S41,0.55348,0.108772,0.0566,0.1,0.184,0,0.0054795,0.0986,400,600,4,16,100,yes,yes,both,no,no upfront,1 Year commitment,On Demand,SSD,Windows,no,no,Europe,yes,yes,yes,yes
Google,S42,0.37706,0.108772,0.0566,0.1,0.007577,0,0.0054795,0.0986,400,600,4,16,100,yes,yes,both,no,no upfront,1 Year commitment,On Demand,SSD,Linux,no,no,Europe,yes,yes,yes,yes
Google,S43,0.2951,0.077688,0.0133,0.1,0,0,0.0054795,0.0986,400,600,4,16,100,yes,yes,both,no,no upfront,3 Year commitment,On Demand,Standard,free,no,no,Europe,yes,yes,yes,yes
Google,S44,0.47499,0.077688,0.0133,0.1,0.184,0,0.0013699,0.0986,100,600,4,16,100,yes,yes,both,no,no upfront,3 Year commitment,On Demand,Standard,Windows,no,no,Europe,yes,yes,yes,yes
Google,S45,0.29857,0.077688,0.0133,0.1,0.007577,0,0.0013699,0.0986,100,600,4,16,100,yes,yes,both,no,no upfront,3 Year commitment,On Demand,Standard,Linux,no,no,Europe,yes,yes,yes,yes
Google,S46,0.33429,0.077688,0.0566,0.1,0,0,0.0013699,0.0986,100,600,4,16,100,yes,yes,both,no,no upfront,3 Year commitment,On Demand,SSD,free,no,no,Europe,yes,yes,yes,yes
Google,S47,0.51829,0.077688,0.0566,0.1,0.184,0,0.0013699,0.0986,100,600,4,16,100,yes,yes,both,no,no upfront,3 Year commitment,On Demand,SSD,Windows,no,no,Europe,yes,yes,yes,yes
Google,S48,0.34187,0.077688,0.0566,0.1,0.007577,0,0.0013699,0.0986,100,600,4,16,100,yes,yes,both,no,no upfront,3 Year commitment,On Demand,SSD,Linux,no,no,Europe,yes,yes,yes,yes
Google,S49,0.44311,0.172668,0.0266,0.1,0,0.04384,0.0013699,0.0986,100,600,4,16,200,yes,yes,both,no,no upfront,No commitment,On Demand,Standard,free,yes,no,Europe,yes,yes,yes,yes
Google,S50,0.69286,0.172668,0.0266,0.1,0.184,0.04384,0.0013699,0.1644,100,1000,4,16,200,yes,yes,both,no,no upfront,No commitment,On Demand,Standard,Windows,yes,no,Europe,yes,yes,yes,yes
Google,S51,0.51644,0.172668,0.0266,0.1,0.007577,0.04384,0.0013699,0.1644,100,1000,4,16,200,yes,yes,both,no,no upfront,No commitment,On Demand,Standard,Linux,yes,no,Europe,yes,yes,yes,yes
Google,S52,0.59566,0.172668,0.1134,0.1,0,0.04384,0.0013699,0.1644,100,1000,4,16,200,yes,yes,both,no,no upfront,No commitment,On Demand,SSD,free,yes,no,Europe,yes,yes,yes,yes
Google,S53,0.77966,0.172668,0.1134,0.1,0.184,0.04384,0.0013699,0.1644,100,1000,4,16,200,yes,yes,both,no,no upfront,No commitment,On Demand,SSD,Windows,yes,no,Europe,yes,yes,yes,yes
Google,S54,0.60324,0.172668,0.1134,0.1,0.007577,0.04384,0.0013699,0.1644,100,1000,4,16,200,yes,yes,both,no,no upfront,No commitment,On Demand,SSD,Linux,yes,no,Europe,yes,yes,yes,yes
Google,S55,0.38798,0.051788,0.0266,0.1,0,0.04384,0.0013699,0.1644,100,1000,4,16,200,yes,yes,both,no,no upfront,No commitment,Spot,Standard,free,yes,no,Europe,yes,yes,yes,yes
Google,S56,0.57198,0.051788,0.0266,0.1,0.184,0.04384,0.0013699,0.1644,100,1000,4,16,200,yes,yes,both,no,no upfront,No commitment,Spot,Standard,Windows,yes,no,Europe,yes,yes,yes,yes
Google,S57,0.39556,0.051788,0.0266,0.1,0.007577,0.04384,0.0013699,0.1644,100,1000,4,16,200,yes,yes,both,no,no upfront,No commitment,Spot,Standard,Linux,yes,no,Europe,yes,yes,yes,yes
Google,S58,0.47478,0.051788,0.1134,0.1,0,0.04384,0.0013699,0.1644,100,1000,4,16,200,yes,yes,both,no,no upfront,No commitment,Spot,SSD,free,yes,no,Europe,yes,yes,yes,yes
Google,S59,0.65878,0.051788,0.1134,0.1,0.184,0.04384,0.0013699,0.1644,100,1000,4,16,200,yes,yes,both,no,no upfront,No commitment,Spot,SSD,Windows,yes,no,Europe,yes,yes,yes,yes
Google,S60,0.48236,0.051788,0.1134,0.1,0.007577,0.04384,0.0013699,0.1644,100,1000,4,16,200,yes,yes,both,no,no upfront,No commitment,Spot,SSD,Linux,yes,no,Europe,yes,yes,yes,yes
Google,S61,0.44497,0.108772,0.0266,0.1,0,0.04384,0.0013699,0.1644,100,1000,4,16,200,yes,yes,both,no,no upfront,1 Year commitment,On Demand,Standard,free,yes,no,Europe,yes,yes,yes,yes
Google,S62,0.62897,0.108772,0.0266,0.1,0.184,0.04384,0.0013699,0.1644,100,1000,4,16,200,yes,yes,both,no,no upfront,1 Year commitment,On Demand,Standard,Windows,yes,no,Europe,yes,yes,yes,yes
Google,S63,0.45254,0.108772,0.0266,0.1,0.007577,0.04384,0.0013699,0.1644,100,1000,4,16,200,yes,yes,both,no,no upfront,1 Year commitment,On Demand,Standard,Linux,yes,no,Europe,yes,yes,yes,yes
Google,S64,0.53177,0.108772,0.1134,0.1,0,0.04384,0.0013699,0.1644,100,1000,4,16,200,yes,yes,both,no,no upfront,1 Year commitment,On Demand,SSD,free,yes,no,Europe,yes,yes,yes,yes
Google,S65,0.71577,0.108772,0.1134,0.1,0.184,0.04384,0.0013699,0.1644,100,1000,4,16,200,yes,yes,both,no,no upfront,1 Year commitment,On Demand,SSD,Windows,yes,no,Europe,yes,yes,yes,yes
Google,S66,0.53934,0.108772,0.1134,0.1,0.007577,0.04384,0.0013699,0.1644,100,1000,4,16,200,yes,yes,both,no,no upfront,1 Year commitment,On Demand,SSD,Linux,yes,no,Europe,yes,yes,yes,yes
Google,S67,0.41388,0.077688,0.0266,0.1,0,0.04384,0.0013699,0.1644,100,1000,4,16,200,yes,yes,both,no,no upfront,3 Year commitment,On Demand,Standard,free,yes,no,Europe,yes,yes,yes,yes
Google,S68,0.59788,0.077688,0.0266,0.1,0.184,0.04384,0.0013699,0.1644,100,1000,4,16,200,yes,yes,both,no,no upfront,3 Year commitment,On Demand,Standard,Windows,yes,no,Europe,yes,yes,yes,yes
Google,S69,0.42146,0.077688,0.0266,0.1,0.007577,0.04384,0.0013699,0.1644,100,1000,4,16,200,yes,yes,both,no,no upfront,3 Year commitment,On Demand,Standard,Linux,yes,no,Europe,yes,yes,yes,yes
Google,S70,0.50068,0.077688,0.1134,0.1,0,0.04384,0.0013699,0.1644,100,1000,4,16,200,yes,yes,both,no,no upfront,3 Year commitment,On Demand,SSD,free,yes,no,Europe,yes,yes,yes,yes
Google,S71,0.68468,0.077688,0.1134,0.1,0.184,0.04384,0.0013699,0.1644,100,1000,4,16,200,yes,yes,both,no,no upfront,3 Year commitment,On Demand,SSD,Windows,yes,no,Europe,yes,yes,yes,yes
Google,S72,0.50826,0.077688,0.1134,0.1,0.007577,0.04384,0.0013699,0.1644,100,1000,4,16,200,yes,yes,both,no,no upfront,3 Year commitment,On Demand,SSD,Linux,yes,no,Europe,yes,yes,yes,yes
Google,S73,0.96363,0.232924,0.0266,0.1,0,0,0.0013699,0.6027,100,4000,4,32,200,yes,yes,both,no,no upfront,No commitment,On Demand,Standard,free,no,no,Europe,yes,yes,yes,yes
Google,S74,1.14763,0.232924,0.0266,0.1,0.184,0,0.0013699,0.6027,100,4000,4,32,200,yes,yes,both,no,no upfront,No commitment,On Demand,Standard,Windows,no,no,Europe,yes,yes,yes,yes
Google,S75,0.97324,0.232924,0.0266,0.1,0.009609,0,0.0013699,0.6027,100,4000,4,32,200,yes,yes,both,no,no upfront,No commitment,On Demand,Standard,Linux,no,no,Europe,yes,yes,yes,yes
Google,S76,1.05043,0.232924,0.1134,0.1,0,0,0.0013699,0.6027,100,4000,4,32,200,yes,yes,both,no,no upfront,No commitment,On Demand,SSD,free,no,no,Europe,yes,yes,yes,yes
Google,S77,1.23443,0.232924,0.1134,0.1,0.184,0,0.0013699,0.6027,100,4000,4,32,200,yes,yes,both,no,no upfront,No commitment,On Demand,SSD,Windows,no,no,Europe,yes,yes,yes,yes
Google,S78,1.06004,0.232924,0.1134,0.1,0.009609,0,0.0013699,0.6027,100,4000,4,32,200,yes,yes,both,no,no upfront,No commitment,On Demand,SSD,Linux,no,no,Europe,yes,yes,yes,yes
Google,S79,0.80056,0.069852,0.0266,0.1,0,0,0.0013699,0.6027,100,4000,4,32,200,yes,yes,both,no,no upfront,No commitment,Spot,Standard,free,no,no,Europe,yes,yes,yes,yes
Google,S80,0.99689,0.069852,0.0266,0.1,0.184,0,0.0136986,0.6027,1000,4000,4,32,200,yes,yes,both,no,no upfront,No commitment,Spot,Standard,Windows,no,no,Europe,yes,yes,yes,yes
Google,S81,0.8225,0.069852,0.0266,0.1,0.009609,0,0.0136986,0.6027,1000,4000,4,32,200,yes,yes,both,no,no upfront,No commitment,Spot,Standard,Linux,no,no,Europe,yes,yes,yes,yes
Google,S82,0.89969,0.069852,0.1134,0.1,0,0,0.0136986,0.6027,1000,4000,4,32,200,yes,yes,both,no,no upfront,No commitment,Spot,SSD,free,no,no,Europe,yes,yes,yes,yes
Google,S83,1.08369,0.069852,0.1134,0.1,0.184,0,0.0136986,0.6027,1000,4000,4,32,200,yes,yes,both,no,no upfront,No commitment,Spot,SSD,Windows,no,no,Europe,yes,yes,yes,yes
Google,S84,0.47094,0.069852,0.1134,0.1,0.009609,0,0.0136986,0.1644,1000,1000,4,32,200,yes,yes,both,no,no upfront,No commitment,Spot,SSD,Linux,no,no,Europe,yes,yes,yes,yes
Google,S85,0.6504,0.3457184,0.0266,0.1,0,0,0.0136986,0.1644,1000,1000,4,32,200,yes,yes,both,no,no upfront,1 Year commitment,On Demand,Standard,free,no,yes,Europe,yes,yes,yes,yes
Google,S86,0.8344,0.3457184,0.0266,0.1,0.184,0,0.0136986,0.1644,1000,1000,4,32,200,yes,yes,both,no,no upfront,1 Year commitment,On Demand,Standard,Windows,no,yes,Europe,yes,yes,yes,yes
Google,S87,0.94768,0.3457184,0.0266,0.1,0.009609,0,0.0136986,0.4521,1000,3000,4,32,200,yes,yes,both,no,no upfront,1 Year commitment,On Demand,Standard,Linux,no,yes,Europe,yes,yes,yes,yes
Google,S88,1.02487,0.3457184,0.1134,0.1,0,0,0.0136986,0.4521,1000,3000,4,32,200,yes,yes,both,no,no upfront,1 Year commitment,On Demand,SSD,free,no,yes,Europe,yes,yes,yes,yes
Google,S89,1.20887,0.3457184,0.1134,0.1,0.184,0,0.0136986,0.4521,1000,3000,4,32,200,yes,yes,both,no,no upfront,1 Year commitment,On Demand,SSD,Windows,no,yes,Europe,yes,yes,yes,yes
Google,S90,1.03448,0.3457184,0.1134,0.1,0.009609,0,0.0136986,0.4521,1000,3000,4,32,200,yes,yes,both,no,no upfront,1 Year commitment,On Demand,SSD,Linux,no,yes,Europe,yes,yes,yes,yes
Google,S91,0.53552,0.2376824,0.0266,0.1,0,0,0.0068493,0.1644,500,1000,4,32,200,yes,yes,both,no,no upfront,3 Year commitment,On Demand,Standard,free,no,yes,Europe,yes,yes,yes,yes
Google,S92,0.71952,0.2376824,0.0266,0.1,0.184,0,0.0068493,0.1644,500,1000,4,32,200,yes,yes,both,no,no upfront,3 Year commitment,On Demand,Standard,Windows,no,yes,Europe,yes,yes,yes,yes
Google,S93,0.54512,0.2376824,0.0266,0.1,0.009609,0,0.0068493,0.1644,500,1000,4,32,200,yes,yes,both,no,no upfront,3 Year commitment,On Demand,Standard,Linux,no,yes,Europe,yes,yes,yes,yes
Google,S94,0.62232,0.2376824,0.1134,0.1,0,0,0.0068493,0.1644,500,1000,4,32,200,yes,yes,both,no,no upfront,3 Year commitment,On Demand,SSD,free,no,yes,Europe,yes,yes,yes,yes
Google,S95,0.80632,0.2376824,0.1134,0.1,0.184,0,0.0068493,0.1644,500,1000,4,32,200,yes,yes,both,no,no upfront,3 Year commitment,On Demand,SSD,Windows,no,yes,Europe,yes,yes,yes,yes
Google,S96,0.63192,0.2376824,0.1134,0.1,0.009609,0,0.0068493,0.1644,500,1000,4,32,200,yes,yes,both,no,no upfront,3 Year commitment,On Demand,SSD,Linux,no,yes,Europe,yes,yes,yes,yes
Google,S97,0.71668,0.4321472,0.0133,0.1,0,0,0.0068493,0.1644,500,1000,4,32,100,yes,yes,both,no,no upfront,No commitment,On Demand,Standard,free,no,yes,Europe,yes,yes,yes,yes
Google,S98,0.90068,0.4321472,0.0133,0.1,0.184,0,0.0068493,0.1644,500,1000,4,32,100,yes,yes,both,no,no upfront,No commitment,On Demand,Standard,Windows,no,yes,Europe,yes,yes,yes,yes
Google,S99,0.72629,0.4321472,0.0133,0.1,0.009609,0,0.0068493,0.1644,500,1000,4,32,100,yes,yes,both,no,no upfront,No commitment,On Demand,Standard,Linux,no,yes,Europe,yes,yes,yes,yes
Google,S100,0.75998,0.4321472,0.0566,0.1,0,0,0.0068493,0.1644,500,1000,4,32,100,yes,yes,both,no,no upfront,No commitment,On Demand,SSD,free,no,yes,Europe,yes,yes,yes,yes
Google,S101,0.94398,0.4321472,0.0566,0.1,0.184,0,0.0068493,0.1644,500,1000,4,32,100,yes,yes,both,no,no upfront,No commitment,On Demand,SSD,Windows,no,yes,Europe,yes,yes,yes,yes
Google,S102,0.76959,0.4321472,0.0566,0.1,0.009609,0,0.0068493,0.1644,500,1000,4,32,100,yes,yes,both,no,no upfront,No commitment,On Demand,SSD,Linux,no,yes,Europe,yes,yes,yes,yes
Google,S103,0.52841,0.069852,0.0065,0,0,0,0,0.4521,500,3000,4,32,100,no,no,both,no,no upfront,No commitment,Spot,Standard,free,no,no,Europe,yes,yes,yes,yes
Google,S104,0.71241,0.069852,0.0065,0,0.184,0,0,0.4521,1000,3000,4,32,100,no,no,both,no,no upfront,No commitment,Spot,Standard,Windows,no,no,Europe,yes,yes,yes,yes
Google,S105,0.53802,0.069852,0.0065,0,0.009609,0,0,0.4521,1000,3000,4,32,100,no,no,both,no,no upfront,No commitment,Spot,Standard,Linux,no,no,Europe,yes,yes,yes,yes
Google,S106,0.55021,0.069852,0.0283,0,0,0,0,0.4521,1000,3000,4,32,100,no,no,both,no,no upfront,No commitment,Spot,SSD,free,no,no,Europe,yes,yes,yes,yes
Google,S107,0.73421,0.069852,0.0283,0,0.184,0,0,0.4521,1000,3000,4,32,100,no,no,both,no,no upfront,No commitment,Spot,SSD,Windows,no,no,Europe,yes,yes,yes,yes
Google,S108,0.55982,0.069852,0.0283,0,0.009609,0,0,0.4521,1000,3000,4,32,100,no,no,both,no,no upfront,No commitment,Spot,SSD,Linux,no,no,Europe,yes,yes,yes,yes
Google,S109,0.96176,0.3457184,0.0133,0.1,0,0.04384,0.0068493,0.4521,500,3000,4,32,100,yes,yes,both,no,no upfront,1 Year commitment,On Demand,Standard,free,yes,yes,Europe,yes,yes,yes,yes
Google,S110,1.14576,0.3457184,0.0133,0.1,0.184,0.04384,0.0068493,0.4521,500,3000,4,32,100,yes,yes,both,no,no upfront,1 Year commitment,On Demand,Standard,Windows,yes,yes,Europe,yes,yes,yes,yes
Google,S111,0.97137,0.3457184,0.0133,0.1,0.009609,0.04384,0.0068493,0.4521,500,3000,4,32,100,yes,yes,both,no,no upfront,1 Year commitment,On Demand,Standard,Linux,yes,yes,Europe,yes,yes,yes,yes
Google,S112,1.00506,0.3457184,0.0566,0.1,0,0.04384,0.0068493,0.4521,500,3000,4,32,100,yes,yes,both,no,no upfront,1 Year commitment,On Demand,SSD,free,yes,yes,Europe,yes,yes,yes,yes
Google,S113,1.18906,0.3457184,0.0566,0.1,0.184,0.04384,0.0068493,0.4521,500,3000,4,32,100,yes,yes,both,no,no upfront,1 Year commitment,On Demand,SSD,Windows,yes,yes,Europe,yes,yes,yes,yes
Google,S114,1.01467,0.3457184,0.0566,0.1,0.009609,0.04384,0.0068493,0.4521,500,3000,4,32,100,yes,yes,both,no,no upfront,1 Year commitment,On Demand,SSD,Linux,yes,yes,Europe,yes,yes,yes,yes
Google,S115,1.00441,0.2376824,0.0133,0.1,0,0.04384,0.0068493,0.6027,500,4000,4,32,100,yes,yes,both,no,no upfront,3 Year commitment,On Demand,Standard,free,yes,yes,Europe,yes,yes,yes,yes
Google,S116,1.18841,0.2376824,0.0133,0.1,0.184,0.04384,0.0068493,0.6027,500,4000,4,32,100,yes,yes,both,no,no upfront,3 Year commitment,On Demand,Standard,Windows,yes,yes,Europe,yes,yes,yes,yes
Google,S117,1.01402,0.2376824,0.0133,0.1,0.009609,0.04384,0.0068493,0.6027,500,4000,4,32,100,yes,yes,both,no,no upfront,3 Year commitment,On Demand,Standard,Linux,yes,yes,Europe,yes,yes,yes,yes
Google,S118,1.04771,0.2376824,0.0566,0.1,0,0.04384,0.0068493,0.6027,500,4000,4,32,100,yes,yes,both,no,no upfront,3 Year commitment,On Demand,SSD,free,yes,yes,Europe,yes,yes,yes,yes
Google,S119,1.23171,0.2376824,0.0566,0.1,0.184,0.04384,0.0068493,0.6027,500,4000,4,32,100,yes,yes,both,no,no upfront,3 Year commitment,On Demand,SSD,Windows,yes,yes,Europe,yes,yes,yes,yes
Google,S120,1.05732,0.2376824,0.0566,0.1,0.009609,0.04384,0.0068493,0.6027,500,4000,4,32,100,yes,yes,both,no,no upfront,3 Year commitment,On Demand,SSD,Linux,yes,yes,Europe,yes,yes,yes,yes
Google,S121,1.19888,0.4321472,0.0133,0.1,0,0.04384,0.0068493,0.6027,500,4000,4,32,100,yes,yes,both,no,no upfront,No commitment,On Demand,Standard,free,yes,yes,Europe,yes,yes,yes,yes
Google,S122,1.38288,0.4321472,0.0133,0.1,0.184,0.04384,0.0068493,0.6027,500,4000,4,32,100,yes,yes,both,no,no upfront,No commitment,On Demand,Standard,Windows,yes,yes,Europe,yes,yes,yes,yes
Google,S123,1.20849,0.4321472,0.0133,0.1,0.009609,0.04384,0.0068493,0.6027,500,4000,4,32,100,yes,yes,both,no,no upfront,No commitment,On Demand,Standard,Linux,yes,yes,Europe,yes,yes,yes,yes
Google,S124,1.24218,0.4321472,0.0566,0.1,0,0.04384,0.0068493,0.6027,500,4000,4,32,100,yes,yes,both,no,no upfront,No commitment,On Demand,SSD,free,yes,yes,Europe,yes,yes,yes,yes
Google,S125,1.42618,0.4321472,0.0566,0.1,0.184,0.04384,0.0068493,0.6027,500,4000,4,32,100,yes,yes,both,no,no upfront,No commitment,On Demand,SSD,Windows,yes,yes,Europe,yes,yes,yes,yes
Google,S126,1.25179,0.4321472,0.0566,0.1,0.009609,0.04384,0.0068493,0.6027,500,4000,4,32,100,yes,yes,both,no,no upfront,No commitment,On Demand,SSD,Linux,yes,yes,Europe,yes,yes,yes,yes
Google,S128,1.00851,0.285088,0.033,0,0,0.08768,0,0.6027,1000,4000,8,16,500,no,no,both,no,no upfront,No commitment,On Demand,Standard,free,yes,no,Europe,yes,yes,yes,yes
Google,S129,2.19294,0.285088,0.033,0,0.368,0,0,1.5068,1000,10000,8,16,500,no,no,both,no,no upfront,No commitment,On Demand,Standard,Windows,no,no,Europe,yes,yes,yes,yes
Google,S130,1.81912,0.179592,0.033,0,0.012002,0.08768,0,1.5068,1000,10000,8,16,500,no,no,both,no,no upfront,1 Year commitment,On Demand,Standard,Linux,yes,no,Europe,yes,yes,yes,yes
Google,S131,1.92804,0.179592,0.1416,0.1,0,0,0,1.5068,1000,12000,8,16,500,yes,no,both,no,no upfront,1 Year commitment,On Demand,SSD,free,no,no,Europe,yes,yes,yes,yes
Google,S132,2.2324,0.128272,0.1416,0,0.368,0.08768,0,1.5068,1000,12000,8,16,500,no,no,both,no,no upfront,3 Year commitment,On Demand,SSD,Windows,yes,no,Europe,yes,yes,yes,yes
Google,S133,1.78872,0.128272,0.1416,0,0.012002,0,0,1.5068,1000,12000,8,16,500,no,no,both,no,no upfront,3 Year commitment,On Demand,SSD,Linux,yes,no,Europe,yes,yes,yes,yes
Google,S134,2.12016,0.345336,0.0666,0.1,0,0.08768,0.0136986,1.5068,1000,10000,8,32,500,yes,yes,both,no,no upfront,No commitment,On Demand,Standard,free,yes,no,Europe,yes,yes,yes,yes
Google,S135,2.3117,0.168872,0.0666,0.1,0.368,0.08768,0.0136986,1.5068,1000,10000,8,32,500,yes,yes,both,no,no upfront,1 Year commitment,On Demand,Standard,Windows,yes,no,Europe,yes,yes,yes,yes
Google,S136,1.90401,0.120632,0.0666,0.1,0.014034,0.08768,0.0082192,1.5068,600,10000,8,32,500,yes,yes,both,no,no upfront,3 Year commitment,On Demand,Standard,Linux,yes,no,Europe,yes,yes,yes,yes
Google,S137,2.06616,0.080408,0.283,0.1,0,0.08768,0.0082192,1.5068,600,10000,8,32,500,yes,yes,both,no,no upfront,No commitment,Spot,SSD,free,no,no,Europe,yes,yes,yes,yes
Google,S138,5.03912,1.381344,0.283,0.1,1.472,0.35072,0.1369863,1.3151,10000,12000,32,128,500,yes,yes,both,no,no upfront,No commitment,On Demand,SSD,Windows,yes,no,Europe,yes,yes,yes,yes
Google,S139,2.9109,0.675488,0.283,0.1,0.049634,0.35072,0.1369863,1.3151,10000,12000,32,128,500,yes,yes,both,no,no upfront,1 Year commitment,On Demand,SSD,Linux,yes,no,Europe,yes,yes,yes,yes
Google,S140,2.38368,0.414304,0.0666,0.1,0,0.35072,0.1369863,1.3151,10000,12000,32,128,500,yes,yes,both,no,no upfront,No commitment,Spot,Standard,free,yes,no,Europe,yes,yes,yes,yes
Google,S141,3.85568,0.414304,0.0666,0.1,1.472,0.35072,0.1369863,1.3151,10000,12000,32,128,500,yes,yes,both,no,no upfront,No commitment,Spot,Standard,Windows,yes,no,Europe,yes,yes,yes,yes
Google,S142,2.08259,0.414304,0.0666,0.1,0.049634,0,0.1369863,1.3151,10000,12000,32,128,500,yes,yes,both,no,no upfront,No commitment,Spot,Standard,Linux,no,no,Europe,yes,yes,yes,yes
Google,S143,6.41374,0.414304,0.283,0.1,0,0,0.1369863,5.4795,10000,50000,32,128,500,yes,yes,both,no,no upfront,No commitment,Spot,SSD,free,no,no,Europe,yes,yes,yes,yes
Google,S144,7.81725,0.414304,0.283,0.1,1.472,0,0.0684932,5.4795,5000,50000,32,128,500,yes,yes,both,no,no upfront,No commitment,Spot,SSD,Windows,no,no,Europe,yes,yes,yes,yes
Google,S145,6.39488,0.414304,0.283,0.1,0.049634,0,0.0684932,5.4795,5000,50000,32,128,500,yes,yes,both,no,no upfront,No commitment,Spot,SSD,Linux,no,no,Europe,yes,yes,yes,yes
Google,S146,7.16951,1.4549696,0.0666,0.1,0,0,0.0684932,5.4795,5000,50000,32,128,500,yes,yes,both,no,no upfront,3 Year commitment,On Demand,Standard,free,no,no,Europe,yes,yes,yes,yes
Google,S147,7.80805,0.621504,0.0666,0.1,1.472,0,0.0684932,5.4795,5000,50000,32,128,500,yes,yes,both,no,no upfront,3 Year commitment,On Demand,Standard,Windows,no,no,Europe,yes,yes,yes,yes
Google,S148,7.05168,0.870176,0.1332,0.1,0.049634,0.35072,0.0684932,5.4795,5000,50000,32,128,500,yes,yes,both,no,no upfront,1 Year commitment,On Demand,Standard,Linux,yes,no,Europe,yes,yes,yes,yes
Google,S149,0.35089,0.067006,0.1332,0.1,0,0,0.0013699,0.0493,100,300,2,8,1000,yes,yes,both,no,no upfront,No commitment,On Demand,Standard,free,no,no,US,yes,yes,yes,yes
Google,S150,0.4181,0.042218,0.1332,0.1,0.092,0,0.0013699,0.0493,100,300,2,8,1000,yes,yes,both,no,no upfront,1 Year commitment,On Demand,Standard,Windows,no,no,US,yes,yes,yes,yes
Google,S151,0.31803,0.030158,0.1332,0.1,0.003987,0,0.0013699,0.0493,100,300,2,8,1000,yes,yes,both,no,no upfront,3 Year commitment,On Demand,Standard,Linux,no,no,US,yes,yes,yes,yes
Google,S152,0.30399,0.020102,0.1332,0.1,0,0,0.0013699,0.0493,100,300,2,8,1000,yes,yes,both,no,no upfront,No commitment,Spot,Standard,free,no,no,US,yes,yes,yes,yes
Google,S153,0.6019,0.134012,0.1332,0.1,0.184,0,0.0013699,0.0493,100,300,4,16,1000,yes,yes,both,no,no upfront,No commitment,On Demand,Standard,Windows,no,no,US,yes,yes,yes,yes
Google,S154,0.3759,0.084436,0.1332,0.1,0.007577,0,0.0013699,0.0493,100,300,4,16,1000,yes,yes,both,no,no upfront,1 Year commitment,On Demand,Standard,Linux,no,no,US,yes,yes,yes,yes
Google,S155,0.40109,0.060316,0.1332,0.1,0.007577,0,0.0013699,0.0986,100,600,4,16,1000,yes,yes,both,no,no upfront,3 Year commitment,On Demand,Standard,Windows,no,no,US,yes,yes,yes,yes
Google,S156,0.38098,0.040204,0.1332,0.1,0.007577,0,0.0013699,0.0986,100,600,4,16,1000,yes,yes,both,no,no upfront,No commitment,Spot,Standard,Windows,no,no,US,yes,yes,yes,yes
Google,S157,0.52156,0.18078,0.1332,0.1,0.007577,0,0.0013699,0.0986,100,600,4,32,1000,yes,yes,both,no,no upfront,No commitment,On Demand,Standard,Windows,no,no,US,yes,yes,yes,yes
Google,S158,0.45469,0.113908,0.1332,0.1,0.007577,0,0.0013699,0.0986,100,600,4,32,1000,yes,yes,both,no,no upfront,1 Year commitment,On Demand,Standard,Windows,no,no,US,yes,yes,yes,yes
Google,S159,0.42215,0.081372,0.1332,0.1,0.007577,0,0.0013699,0.0986,100,600,4,32,1000,yes,yes,both,no,no upfront,3 Year commitment,On Demand,Standard,Windows,no,no,US,yes,yes,yes,yes
Google,S160,0.39705,0.054236,0.1332,0.1,0.009609,0,0.0013699,0.0986,100,600,4,32,1000,yes,yes,both,no,no upfront,No commitment,Spot,Standard,Linux,no,no,US,yes,yes,yes,yes
Google,S161,2.27582,0.51352,0.1332,0.1,0.014034,0,0.0082192,1.5068,600,10000,8,32,1000,yes,yes,both,no,no upfront,No commitment,On Demand,Standard,Linux,no,yes,US,yes,yes,yes,yes
Google,S162,2.60592,0.410816,0.566,0.1,0.014034,0,0.0082192,1.5068,600,10000,8,32,1000,yes,yes,both,no,no upfront,1 Year commitment,On Demand,SSD,Linux,no,yes,US,yes,yes,yes,yes
Google,S163,2.53781,0.2824368,0.566,0.1,0.014034,0,0.0684932,1.5068,5000,10000,8,32,1000,yes,yes,both,no,no upfront,3 Year commitment,On Demand,SSD,Linux,no,yes,US,yes,yes,yes,yes
Google,S164,2.68975,0.080408,0.566,0.1,0.368,0,0.0684932,1.5068,5000,10000,8,32,1000,yes,yes,both,no,no upfront,No commitment,Spot,SSD,Windows,no,no,US,yes,yes,yes,yes
Google,S165,4.86467,1.02704,0.566,0.1,0.736,0.17536,0.0684932,2.1918,5000,20000,16,64,1000,yes,yes,both,no,no upfront,No commitment,On Demand,SSD,Windows,yes,yes,US,yes,yes,yes,yes
Google,S166,4.61721,0.821632,0.566,0.1,0.736,0.1333,0.0684932,2.1918,5000,20000,16,64,1000,yes,yes,both,no,no upfront,1 Year commitment,On Demand,SSD,Windows,yes,yes,US,yes,yes,yes,yes
Google,S167,4.36045,0.5648736,0.566,0.1,0.736,0.1333,0.0684932,2.1918,5000,20000,16,64,1000,yes,yes,both,no,no upfront,3 Year commitment,On Demand,SSD,Windows,yes,yes,US,yes,yes,yes,yes
Google,S168,3.11328,0.160816,0.566,0.1,0.026191,0,0.0684932,2.1918,5000,20000,16,64,1000,yes,yes,both,no,no upfront,No commitment,Spot,SSD,Linux,no,no,US,yes,yes,yes,yes
Google,S169,8.72317,2.05408,0.566,0.1,0.049634,0.35072,0.1232877,5.4795,9000,50000,32,128,1000,yes,yes,both,no,no upfront,No commitment,On Demand,SSD,Linux,yes,yes,US,yes,yes,yes,yes
Google,S170,9.647,1.643264,0.566,0.1,1.472,0.263,0.1232877,5.4795,9000,50000,32,128,1000,yes,yes,both,no,no upfront,1 Year commitment,On Demand,SSD,Windows,yes,yes,US,yes,yes,yes,yes
Google,S171,9.13349,1.1297472,0.566,0.1,1.472,0.263,0.1232877,5.4795,9000,50000,32,128,1000,yes,yes,both,no,no upfront,3 Year commitment,On Demand,SSD,Windows,yes,yes,US,yes,yes,yes,yes
Google,S172,4.7747,0.321632,0.566,0.1,1.472,0,0.1232877,2.1918,9000,20000,32,128,1000,yes,yes,both,no,no upfront,No commitment,Spot,SSD,Windows,no,no,US,yes,yes,yes,yes
Google,S173,1.01755,0.1796888,0.566,0.1,0.092,0.02192,0.000411,0.0575,30,300,2,8,1000,yes,yes,both,no,no upfront,No commitment,On Demand,SSD,Windows,yes,yes,Asia,yes,yes,yes,yes
Google,S174,0.9597,0.1437512,0.566,0.1,0.092,0,0.000411,0.0575,30,300,2,8,1000,yes,yes,both,no,no upfront,1 Year commitment,On Demand,SSD,Windows,no,yes,Asia,yes,yes,yes,yes
Google,S175,0.91477,0.0988292,0.566,0.1,0.092,0,0.000411,0.0575,30,300,2,8,1000,yes,yes,both,no,no upfront,3 Year commitment,On Demand,SSD,Windows,no,yes,Asia,yes,yes,yes,yes
Google,S176,0.83605,0.020102,0.566,0.1,0.092,0,0.000411,0.0575,30,300,2,8,1000,yes,yes,both,no,no upfront,No commitment,Spot,SSD,Windows,no,yes,Asia,yes,yes,yes,yes
Google,S177,1.43599,0.4695552,0.566,0.1,0.184,0,0.0013699,0.1151,100,600,4,32,1000,yes,yes,both,no,no upfront,No commitment,On Demand,SSD,Windows,no,yes,Asia,yes,yes,yes,yes
Google,S178,1.93934,0.3756448,0.566,0.1,0.184,0,0.0013699,0.7123,100,4000,4,32,1000,yes,yes,both,no,no upfront,1 Year commitment,On Demand,SSD,Windows,no,yes,Asia,yes,yes,yes,yes
Google,S179,1.29596,0.2582568,0.04,0.1,0.184,0,0.0013699,0.7123,100,4000,4,32,300,yes,yes,both,no,no upfront,3 Year commitment,On Demand,Standard,Windows,no,yes,Asia,yes,yes,yes,yes
Google,S180,1.0779,0.040204,0.04,0.1,0.184,0,0.0013699,0.7123,100,4000,4,32,300,yes,yes,both,no,no upfront,No commitment,Spot,Standard,Windows,no,yes,Asia,yes,yes,yes,yes
Google,S181,2.66731,0.7187552,0.04,0.1,0.014034,0,0.0136986,1.7808,1000,10000,8,32,300,yes,yes,both,no,no upfront,No commitment,On Demand,Standard,Linux,no,yes,Asia,yes,yes,yes,yes
Google,S182,2.52356,0.5750048,0.04,0.1,0.014034,0,0.0136986,1.7808,1000,10000,8,32,300,yes,yes,both,no,no upfront,1 Year commitment,On Demand,Standard,Linux,no,yes,Asia,yes,yes,yes,yes
Google,S183,2.70004,0.3953168,0.04,0.1,0.014034,0,0.0136986,2.137,1000,12000,8,32,300,yes,yes,both,no,no upfront,3 Year commitment,On Demand,Standard,Linux,no,yes,Asia,yes,yes,yes,yes
Google,S184,2.71389,0.080408,0.04,0.1,0.014034,0,0.0136986,2.4658,1000,20000,8,32,300,yes,yes,both,no,no upfront,No commitment,Spot,Standard,Linux,no,yes,Asia,yes,yes,yes,yes
Google,S185,0.58601,0.2039312,0.1133,0.1,0.003987,0,0.000411,0.1644,30,1000,2,8,200,yes,yes,both,no,no upfront,No commitment,On Demand,SSD,Linux,no,yes,South America,yes,yes,yes,yes
Google,S186,0.50771,0.1256262,0.1133,0.1,0.003987,0,0.000411,0.1644,30,1000,2,8,200,yes,yes,both,no,no upfront,1 Year commitment,On Demand,SSD,Linux,no,yes,South America,yes,yes,yes,yes
Google,S187,0.49424,0.112162,0.1133,0.1,0.003987,0,0.000411,0.1644,30,1000,2,8,200,yes,yes,both,no,no upfront,3 Year commitment,On Demand,SSD,Linux,no,yes,South America,yes,yes,yes,yes
Google,S189,0.79449,0.4078624,0.1133,0.1,0.007577,0,0.0013699,0.1644,100,1000,4,16,200,yes,yes,both,no,no upfront,No commitment,On Demand,SSD,Linux,no,yes,South America,yes,yes,yes,yes
Google,S190,0.63788,0.2512524,0.1133,0.1,0.007577,0,0.0013699,0.1644,100,1000,4,16,200,yes,yes,both,no,no upfront,1 Year commitment,On Demand,SSD,Linux,no,yes,South America,yes,yes,yes,yes
Google,S191,0.61095,0.224324,0.1133,0.1,0.007577,0,0.0013699,0.1644,100,1000,4,16,200,yes,yes,both,no,no upfront,3 Year commitment,On Demand,SSD,Linux,no,yes,South America,yes,yes,yes,yes
Google,S193,2.65129,0.8157248,0.1133,0.1,0.014034,0.08768,0.0136986,1.5068,1000,10000,8,32,200,yes,yes,both,no,no upfront,No commitment,On Demand,SSD,Linux,yes,yes,South America,yes,yes,yes,yes
Google,S194,2.31599,0.5025048,0.1133,0.1,0.014034,0.0656,0.0136986,1.5068,1000,10000,8,32,200,yes,yes,both,no,no upfront,1 Year commitment,On Demand,SSD,Linux,yes,yes,South America,yes,yes,yes,yes
Google,S195,2.26213,0.448648,0.1133,0.1,0.014034,0.0656,0.0136986,1.5068,1000,10000,8,32,200,yes,yes,both,no,no upfront,3 Year commitment,On Demand,SSD,Linux,yes,yes,South America,yes,yes,yes,yes
Google,S196,1.78882,0.127642,0.0266,0.1,0.014034,0,0.0136986,1.5068,1000,10000,8,32,200,yes,yes,both,no,no upfront,No commitment,Spot,Standard,Linux,no,yes,South America,yes,yes,yes,yes
Google,S197,2.50786,0.850944,0.0266,0.1,0.026191,0.17536,0.0136986,1.3151,1000,12000,16,64,200,yes,yes,both,no,no upfront,No commitment,On Demand,Standard,Linux,yes,no,South America,yes,yes,yes,yes
Google,S198,2.16254,0.53608,0.0266,0.1,0.026191,0.1312,0.0273973,1.3151,2000,12000,16,64,200,yes,yes,both,no,no upfront,1 Year commitment,On Demand,Standard,Linux,yes,no,South America,yes,yes,yes,yes
Google,S199,2.00937,0.382912,0.0266,0.1,0.026191,0.1312,0.0273973,1.3151,2000,12000,16,64,200,yes,yes,both,no,no upfront,3 Year commitment,On Demand,Standard,Linux,yes,no,South America,yes,yes,yes,yes
Google,S200,1.75054,0.255283,0.0266,0.1,0.026191,0,0.0273973,1.3151,2000,12000,16,64,200,yes,yes,both,no,no upfront,No commitment,Spot,Standard,Linux,no,no,South America,yes,yes,yes,yes
Google,S201,5.96628,1.701888,0.0266,0.1,1.472,0.35072,0.1232877,2.1918,9000,20000,32,128,200,yes,yes,both,no,no upfront,No commitment,On Demand,Standard,Linux,yes,no,South America,yes,yes,yes,yes
Google,S202,5.24823,1.07216,0.0266,0.1,1.472,0.2624,0.1232877,2.1918,9000,20000,32,128,200,yes,yes,both,no,no upfront,1 Year commitment,On Demand,Standard,Linux,yes,no,South America,yes,yes,yes,yes
Google,S203,4.94189,0.765824,0.0266,0.1,1.472,0.2624,0.1232877,2.1918,9000,20000,32,128,200,yes,yes,both,no,no upfront,3 Year commitment,On Demand,Standard,Linux,yes,no,South America,yes,yes,yes,yes
Google,S204,4.42423,0.510566,0.0266,0.1,1.472,0,0.1232877,2.1918,9000,20000,32,128,200,yes,yes,both,no,no upfront,No commitment,Spot,Standard,Linux,no,no,South America,yes,yes,yes,yes
Microsoft,AKS1,1.79788,0.595,0.00425,0,0,0,0,1.1986,5000,10000,12,48,100,no,no,horizontal,no,no upfront,No commitment,On Demand,Standard,free,no,no,Europe,yes,yes,yes,yes
Microsoft,AKS2,1.84588,0.643,0.00425,0,0,0,0,1.1986,5000,10000,12,48,100,no,no,horizontal,no,no upfront,No commitment,On Demand,Standard,Windows,no,no,Europe,yes,yes,yes,yes
Microsoft,AKS3,1.58663,0.348,0.04,0,0,0,0,1.1986,5000,10000,12,48,100,no,no,horizontal,no,no upfront,1 Year commitment,On Demand,SSD,free,no,no,Europe,yes,yes,yes,yes
Microsoft,AKS4,1.63463,0.396,0.04,0,0,0,0,1.1986,5000,10000,12,48,100,no,no,horizontal,no,no upfront,1 Year commitment,On Demand,SSD,Windows,no,no,Europe,yes,yes,yes,yes
Microsoft,AKS5,1.42688,0.224,0.00425,0,0,0,0,1.1986,9000,10000,12,48,100,no,no,horizontal,no,no upfront,3 Year commitment,On Demand,Standard,free,no,no,Europe,yes,yes,yes,yes
Microsoft,AKS6,3.68721,0.272,0.00425,0,0,0,0,3.411,9000,30000,12,48,100,no,no,horizontal,no,no upfront,3 Year commitment,On Demand,Standard,Windows,no,no,Europe,yes,yes,yes,yes
Microsoft,AKS8,4.23996,0.794,0.035,0,0,0,0,3.411,9000,30000,16,64,1000,no,no,horizontal,no,no upfront,No commitment,On Demand,Standard,free,no,no,Europe,yes,yes,yes,yes
Microsoft,AKS9,3.97396,0.528,0.035,0,0,0,0,3.411,9000,30000,16,64,1000,no,no,horizontal,no,no upfront,1 Year commitment,On Demand,Standard,Windows,no,no,Europe,yes,yes,yes,yes
Microsoft,AKS10,2.02032,0.363,0.3319,0.1,0,0,0.0273973,1.198,1000,10000,16,64,1000,yes,yes,horizontal,no,no upfront,3 Year commitment,On Demand,SSD,Windows,no,no,Europe,yes,yes,yes,yes
Microsoft,AKS11,3.08232,1.425,0.3319,0.1,0,0,0.0273973,1.198,1000,10000,8,64,1000,yes,yes,horizontal,no,no upfront,No commitment,Dedicated,SSD,free,no,no,Europe,yes,yes,yes,yes
Microsoft,AKS12,2.07505,1.15,0.3319,0.1,0,0,0.0136986,0.4795,1000,4000,8,64,1000,yes,yes,horizontal,no,no upfront,1 Year commitment,Dedicated,SSD,free,no,no,Europe,yes,yes,yes,yes
Microsoft,AKS13,1.78505,0.86,0.3319,0.1,0,0,0.0136986,0.4795,1000,4000,8,64,1000,yes,yes,horizontal,no,no upfront,3 Year commitment,Dedicated,SSD,free,no,no,Europe,yes,yes,yes,yes
Microsoft,AKS14,1.22695,0.57,0.0638,0.1,0,0,0.0136986,0.4795,1000,4000,8,64,2000,yes,yes,horizontal,no,no upfront,No commitment,On Demand,Standard,free,no,no,US,yes,yes,yes,yes
Microsoft,AKS15,0.99895,0.342,0.0638,0.1,0,0,0.0136986,0.4795,1000,4000,8,64,2000,yes,yes,horizontal,no,no upfront,1 Year commitment,On Demand,Standard,free,no,no,US,yes,yes,yes,yes
Microsoft,AKS16,0.88495,0.228,0.0638,0.1,0,0,0.0136986,0.4795,1000,4000,8,64,2000,yes,yes,horizontal,no,no upfront,3 Year commitment,On Demand,Standard,free,no,no,US,yes,yes,yes,yes
Microsoft,AKS17,1.82615,0.57,0.663,0.1,0,0,0.0136986,0.4795,1000,4000,8,64,2000,yes,yes,horizontal,no,no upfront,No commitment,On Demand,SSD,free,no,no,US,yes,yes,yes,yes
Microsoft,AKS18,1.59815,0.342,0.663,0.1,0,0,0.0136986,0.4795,1000,4000,8,64,2000,yes,yes,horizontal,no,no upfront,1 Year commitment,On Demand,SSD,free,no,no,US,yes,yes,yes,yes
Microsoft,AKS19,1.48415,0.228,0.663,0.1,0,0,0.0136986,0.4795,1000,4000,8,64,2000,yes,yes,horizontal,no,no upfront,3 Year commitment,On Demand,SSD,free,no,no,US,yes,yes,yes,yes
Microsoft,AKS20,1.59495,0.938,0.0638,0.1,0,0,0.0136986,0.4795,1000,4000,8,64,2000,yes,yes,horizontal,no,no upfront,No commitment,On Demand,Standard,Windows,no,no,US,yes,yes,yes,yes
Microsoft,AKS21,1.36695,0.71,0.0638,0.1,0,0,0.0136986,0.4795,1000,4000,8,64,2000,yes,yes,horizontal,no,no upfront,1 Year commitment,On Demand,Standard,Windows,no,no,US,yes,yes,yes,yes
Microsoft,AKS22,1.26665,0.596,0.0638,0.1,0,0,0.0273973,0.4795,2000,4000,8,64,2000,yes,yes,horizontal,no,no upfront,3 Year commitment,On Demand,Standard,Windows,no,no,US,yes,yes,yes,yes
Microsoft,AKS23,2.86538,0.938,0.663,0.1,0,0,0.0273973,1.137,2000,10000,8,64,2000,yes,yes,horizontal,no,no upfront,No commitment,On Demand,SSD,Windows,no,no,US,yes,yes,yes,yes
Microsoft,AKS24,2.63738,0.71,0.663,0.1,0,0,0.0273973,1.137,2000,10000,8,64,2000,yes,yes,horizontal,no,no upfront,1 Year commitment,On Demand,SSD,Windows,no,no,US,yes,yes,yes,yes
Microsoft,AKS25,2.52338,0.596,0.663,0.1,0,0,0.0273973,1.137,2000,10000,8,64,2000,yes,yes,horizontal,no,no upfront,3 Year commitment,On Demand,SSD,Windows,no,no,US,yes,yes,yes,yes
Microsoft,AKS26,7.39602,1.424,0.0638,0.1,0,0,0.1232877,5.6849,9000,50000,20,160,2000,yes,yes,horizontal,no,no upfront,No commitment,On Demand,Standard,free,no,no,US,yes,yes,yes,yes
Microsoft,AKS27,6.82602,0.854,0.0638,0.1,0,0,0.1232877,5.6849,9000,50000,20,160,2000,yes,yes,horizontal,no,no upfront,1 Year commitment,On Demand,Standard,free,no,no,US,yes,yes,yes,yes
Microsoft,AKS28,6.54202,0.57,0.0638,0.1,0,0,0.1232877,5.6849,9000,50000,20,160,2000,yes,yes,horizontal,no,no upfront,3 Year commitment,On Demand,Standard,free,no,no,US,yes,yes,yes,yes
Microsoft,AKS29,7.99522,1.424,0.663,0.1,0,0,0.1232877,5.6849,9000,50000,20,160,2000,yes,yes,horizontal,no,no upfront,No commitment,On Demand,SSD,free,no,no,US,yes,yes,yes,yes
Microsoft,AKS30,7.42522,0.854,0.663,0.1,0,0,0.1232877,5.6849,9000,50000,20,160,2000,yes,yes,horizontal,no,no upfront,1 Year commitment,On Demand,SSD,free,no,no,US,yes,yes,yes,yes
Microsoft,AKS31,7.14122,0.57,0.663,0.1,0,0,0.1232877,5.6849,9000,50000,20,160,2000,yes,yes,horizontal,no,no upfront,3 Year commitment,On Demand,SSD,free,no,no,US,yes,yes,yes,yes
Microsoft,AKS32,8.26172,2.344,0.0095,0.1,0,0,0.1232877,5.6849,9000,50000,20,160,300,yes,yes,horizontal,no,no upfront,No commitment,On Demand,Standard,Windows,no,no,US,yes,yes,yes,yes
Microsoft,AKS33,7.69172,1.774,0.0095,0.1,0,0,0.1232877,5.6849,9000,50000,20,160,300,yes,yes,horizontal,no,no upfront,1 Year commitment,On Demand,Standard,Windows,no,no,US,yes,yes,yes,yes
Microsoft,AKS34,7.40772,1.49,0.0095,0.1,0,0,0.1232877,5.6849,9000,50000,20,160,300,yes,yes,horizontal,no,no upfront,3 Year commitment,On Demand,Standard,Windows,no,no,US,yes,yes,yes,yes
Microsoft,AKS35,8.35122,2.344,0.099,0.1,0,0,0.1232877,5.6849,9000,50000,20,160,300,yes,yes,horizontal,no,no upfront,No commitment,On Demand,SSD,Windows,no,no,US,yes,yes,yes,yes
Microsoft,AKS36,7.78122,1.774,0.099,0.1,0,0,0.1232877,5.6849,9000,50000,20,160,300,yes,yes,horizontal,no,no upfront,1 Year commitment,On Demand,SSD,Windows,no,no,US,yes,yes,yes,yes
Microsoft,AKS37,7.51092,1.49,0.099,0.1,0,0,0.1369863,5.6849,10000,50000,20,160,300,yes,yes,horizontal,no,no upfront,3 Year commitment,On Demand,SSD,Windows,no,no,US,yes,yes,yes,yes
Microsoft,AKS38,3.19503,1.425,0.0125,0.1,0,0,0.0136986,1.6438,1000,10000,8,64,300,yes,yes,horizontal,no,no upfront,No commitment,Dedicated,Standard,free,no,no,Asia,yes,yes,yes,yes
Microsoft,AKS39,2.92003,1.15,0.0125,0.1,0,0,0.0136986,1.6438,1000,10000,8,64,300,yes,yes,horizontal,no,no upfront,1 Year commitment,Dedicated,Standard,free,no,no,Asia,yes,yes,yes,yes
Microsoft,AKS40,2.63003,0.86,0.0125,0.1,0,0,0.0136986,1.6438,1000,10000,8,64,300,yes,yes,horizontal,no,no upfront,3 Year commitment,Dedicated,Standard,free,no,no,Asia,yes,yes,yes,yes
Microsoft,AKS41,2.45938,1.096,0.099,0.1,0,0,0.0273973,1.137,2000,10000,8,64,300,yes,yes,horizontal,no,no upfront,No commitment,Dedicated,SSD,free,no,no,US,yes,yes,yes,yes
Microsoft,AKS42,2.24338,0.88,0.099,0.1,0,0,0.0273973,1.137,2000,10000,8,64,300,yes,yes,horizontal,no,no upfront,1 Year commitment,Dedicated,SSD,free,no,no,US,yes,yes,yes,yes
Microsoft,AKS43,2.02338,0.66,0.099,0.1,0,0,0.0273973,1.137,2000,10000,8,64,300,yes,yes,horizontal,no,no upfront,3 Year commitment,Dedicated,SSD,free,no,no,US,yes,yes,yes,yes
Microsoft,AKS44,3.23403,1.096,0.0125,0.1,0.368,0,0.0136986,1.6438,1000,10000,8,64,300,yes,yes,horizontal,no,no upfront,No commitment,Dedicated,Standard,Windows,yes,no,Asia,yes,yes,yes,yes
Microsoft,AKS45,3.01803,0.88,0.0125,0.1,0.368,0,0.0136986,1.6438,1000,10000,8,64,300,yes,yes,horizontal,no,no upfront,1 Year commitment,Dedicated,Standard,Windows,yes,no,Asia,yes,yes,yes,yes
Microsoft,AKS46,2.79803,0.66,0.0125,0.1,0.368,0,0.0136986,1.6438,1000,10000,8,64,300,yes,yes,horizontal,no,no upfront,3 Year commitment,Dedicated,Standard,Windows,yes,no,Asia,yes,yes,yes,yes
Microsoft,AKS47,3.11228,1.096,0.12875,0.1,0.13,0,0.0136986,1.6438,1000,10000,8,64,300,yes,yes,horizontal,no,no upfront,No commitment,Dedicated,SSD,Linux,yes,no,Asia,yes,yes,yes,yes
Microsoft,AKS48,2.89628,0.88,0.12875,0.1,0.13,0,0.0136986,1.6438,1000,10000,8,64,300,yes,yes,horizontal,no,no upfront,1 Year commitment,Dedicated,SSD,Linux,yes,no,Asia,yes,yes,yes,yes
Microsoft,AKS49,2.67628,0.66,0.12875,0.1,0.13,0,0.0136986,1.6438,1000,10000,8,64,300,yes,yes,horizontal,no,no upfront,3 Year commitment,Dedicated,SSD,Linux,yes,no,Asia,yes,yes,yes,yes
Microsoft,AKS50,5.62175,2.112,0.0166,0,0,0,0,3.4932,5000,30000,32,128,500,no,no,horizontal,no,no upfront,No commitment,On Demand,Standard,free,no,no,Asia,yes,yes,yes,yes
Microsoft,AKS51,4.77675,1.267,0.0166,0,0,0,0,3.4932,5000,30000,32,128,500,no,no,horizontal,no,no upfront,1 Year commitment,On Demand,Standard,free,no,no,Asia,yes,yes,yes,yes
Microsoft,AKS52,4.31275,0.803,0.0166,0,0,0,0,3.4932,9000,30000,32,128,500,no,no,horizontal,no,no upfront,3 Year commitment,On Demand,Standard,free,no,no,Asia,yes,yes,yes,yes
Microsoft,AKS53,5.81965,2.112,0.2145,0,0,0,0,3.4932,9000,30000,32,128,500,no,no,horizontal,no,no upfront,No commitment,On Demand,SSD,free,no,no,Asia,yes,yes,yes,yes
Microsoft,AKS54,4.97465,1.267,0.2145,0,0,0,0,3.4932,9000,30000,32,128,500,no,no,horizontal,no,no upfront,1 Year commitment,On Demand,SSD,free,no,no,Asia,yes,yes,yes,yes
Microsoft,AKS55,4.51065,0.803,0.2145,0,0,0,0,3.4932,9000,30000,32,128,500,no,no,horizontal,no,no upfront,3 Year commitment,On Demand,SSD,free,no,no,Asia,yes,yes,yes,yes
Microsoft,AKS56,7.09375,3.584,0.0166,0,0,0,0,3.4932,9000,30000,32,128,500,no,no,horizontal,no,no upfront,No commitment,On Demand,Standard,Windows,no,no,Asia,yes,yes,yes,yes
Microsoft,AKS57,8.37204,2.739,0.0166,0,0,0,0,5.6164,9000,50000,32,128,500,no,no,horizontal,no,no upfront,1 Year commitment,On Demand,Standard,Windows,no,no,Asia,yes,yes,yes,yes
Microsoft,AKS58,7.90804,2.275,0.0166,0,0,0,0,5.6164,9000,50000,32,128,500,no,no,horizontal,no,no upfront,3 Year commitment,On Demand,Standard,Windows,no,no,Asia,yes,yes,yes,yes
Microsoft,AKS59,9.41494,3.584,0.2145,0,0,0,0,5.6164,10000,50000,32,128,500,no,no,horizontal,no,no upfront,No commitment,On Demand,SSD,Windows,no,no,Asia,yes,yes,yes,yes
Microsoft,AKS60,8.56994,2.739,0.2145,0,0,0,0,5.6164,10000,50000,32,128,500,no,no,horizontal,no,no upfront,1 Year commitment,On Demand,SSD,Windows,no,no,Asia,yes,yes,yes,yes
Microsoft,AKS61,8.10594,2.275,0.2145,0,0,0,0,5.6164,10000,50000,32,128,500,no,no,horizontal,no,no upfront,3 Year commitment,On Demand,SSD,Windows,no,no,Asia,yes,yes,yes,yes
Microsoft,RH1,7.75782,1.604,0.3319,0,0,0,0.1369863,5.6849,10000,50000,32,128,1000,no,yes,both,no,no upfront,No commitment,On Demand,SSD,Linux,yes,no,Europe,yes,yes,yes,yes
Microsoft,RH2,2.56648,1.0702,0.3319,0,0,0,0.0273973,1.137,2000,10000,16,64,1000,no,yes,both,no,no upfront,1 Year commitment,On Demand,SSD,Linux,yes,no,Europe,yes,yes,yes,yes
Microsoft,RH3,2.25938,0.722,0.3319,0,0,0,0.0684932,1.137,5000,10000,16,64,1000,no,yes,both,no,no upfront,3 Year commitment,On Demand,SSD,Linux,yes,no,Europe,yes,yes,yes,yes
Microsoft,RH4,3.84033,1.74,0.4291,0,0,0,0.0273973,1.6438,2000,10000,16,64,1000,no,yes,both,no,no upfront,No commitment,On Demand,SSD,Linux,yes,no,Asia,yes,yes,yes,yes
Microsoft,RH5,3.19223,1.0919,0.4291,0,0,0,0.0273973,1.6438,2000,10000,16,64,1000,no,yes,both,no,no upfront,1 Year commitment,On Demand,SSD,Linux,yes,no,Asia,yes,yes,yes,yes
Microsoft,RH6,2.14776,0.7023,0.0208,0,0,0,0.0273973,1.3973,2000,12000,16,64,500,no,yes,both,no,no upfront,3 Year commitment,On Demand,Standard,Linux,yes,no,Asia,yes,yes,yes,yes
Microsoft,RH7,2.99746,1.552,0.0208,0,0,0,0.0273973,1.3973,2000,12000,16,64,500,no,yes,both,no,no upfront,No commitment,On Demand,Standard,Linux,yes,no,Asia,yes,yes,yes,yes
Microsoft,RH8,2.34948,0.979,0.165,0,0,0,0.0684932,1.137,5000,10000,16,64,500,no,yes,both,no,no upfront,1 Year commitment,On Demand,SSD,Linux,yes,no,US,yes,yes,yes,yes
Microsoft,RH9,2.01858,0.6481,0.165,0,0,0,0.0684932,1.137,5000,10000,16,64,500,no,yes,both,no,no upfront,3 Year commitment,On Demand,SSD,Linux,yes,no,US,yes,yes,yes,yes
Microsoft,RH10,0.52813,0.391,0.0159,0,0,0,0.0013699,0.1199,100,1000,4,16,500,no,yes,both,no,no upfront,No commitment,On Demand,Standard,Linux,yes,no,US,yes,yes,yes,yes
Microsoft,RH11,0.39053,0.2534,0.0159,0,0,0,0.0013699,0.1199,100,1000,4,16,500,no,yes,both,no,no upfront,1 Year commitment,On Demand,Standard,Linux,yes,no,US,yes,yes,yes,yes
Microsoft,RH12,0.30263,0.1655,0.0159,0,0,0,0.0013699,0.1199,100,1000,4,16,500,no,yes,both,no,no upfront,3 Year commitment,On Demand,Standard,Linux,yes,no,US,yes,yes,yes,yes
Microsoft,RH13,0.67123,0.385,0.165,0,0,0,0.0013699,0.1199,100,1000,4,16,500,no,yes,both,no,no upfront,No commitment,On Demand,SSD,Linux,yes,no,Europe,yes,yes,yes,yes
Microsoft,RH14,0.54123,0.255,0.165,0,0,0,0.0013699,0.1199,100,1000,4,16,500,no,yes,both,no,no upfront,1 Year commitment,On Demand,SSD,Linux,yes,no,Europe,yes,yes,yes,yes
Microsoft,RH15,0.45403,0.1678,0.165,0,0,0,0.0013699,0.1199,100,1000,4,16,500,no,yes,both,no,no upfront,3 Year commitment,On Demand,SSD,Linux,yes,no,Europe,yes,yes,yes,yes
Microsoft,RH16,0.62155,0.435,0.0208,0,0,0,0.0013699,0.1644,100,1000,4,16,500,no,yes,both,no,no upfront,No commitment,On Demand,Standard,Linux,yes,no,Asia,yes,yes,yes,yes
Microsoft,RH17,0.45746,0.2668,0.0208,0,0,0,0.0054795,0.1644,400,1000,4,16,500,no,yes,both,no,no upfront,1 Year commitment,On Demand,Standard,Linux,yes,no,Asia,yes,yes,yes,yes
Microsoft,RH18,0.36496,0.1743,0.0208,0,0,0,0.0054795,0.1644,400,1000,4,16,500,no,yes,both,no,no upfront,3 Year commitment,On Demand,Standard,Linux,yes,no,Asia,yes,yes,yes,yes
Microsoft,RH19,9.25782,3.104,0.3319,0,0,0,0.1369863,5.6849,10000,50000,32,128,1000,no,yes,both,no,no upfront,No commitment,On Demand,SSD,Linux,yes,no,US,yes,yes,yes,yes
Microsoft,RH20,8.11182,1.958,0.3319,0,0,0,0.1369863,5.6849,10000,50000,32,128,1000,no,yes,both,no,no upfront,1 Year commitment,On Demand,SSD,Linux,yes,no,US,yes,yes,yes,yes
Microsoft,RH21,4.03906,1.2962,0.3319,0,0,0,0.1369863,2.274,10000,20000,32,128,1000,no,yes,both,no,no upfront,3 Year commitment,On Demand,SSD,Linux,yes,no,US,yes,yes,yes,yes
Microsoft,RH22,5.53096,3.08,0.04,0,0,0,0.1369863,2.274,10000,20000,32,128,1000,no,yes,both,no,no upfront,No commitment,On Demand,Standard,Linux,yes,no,Europe,yes,yes,yes,yes
Microsoft,RH23,4.46496,2.0381,0.0159,0,0,0,0.1369863,2.274,10000,20000,32,128,500,no,yes,both,no,no upfront,1 Year commitment,On Demand,Standard,Linux,yes,no,Europe,yes,yes,yes,yes
Microsoft,RH24,3.76856,1.3417,0.0159,0,0,0,0.1369863,2.274,10000,20000,32,128,500,no,yes,both,no,no upfront,3 Year commitment,On Demand,Standard,Linux,yes,no,Europe,yes,yes,yes,yes
Microsoft,RH25,6.10755,3.48,0.1618,0,0,0,0.1369863,2.3288,10000,20000,32,128,500,no,yes,both,no,no upfront,No commitment,On Demand,SSD,Linux,yes,no,Asia,yes,yes,yes,yes
Microsoft,RH26,4.81135,2.1838,0.1618,0,0,0,0.1369863,2.3288,10000,20000,32,128,500,no,yes,both,no,no upfront,1 Year commitment,On Demand,SSD,Linux,yes,no,Asia,yes,yes,yes,yes
Microsoft,RH27,4.03205,1.4045,0.1618,0,0,0,0.1369863,2.3288,10000,20000,32,128,500,no,yes,both,no,no upfront,3 Year commitment,On Demand,SSD,Linux,yes,no,Asia,yes,yes,yes,yes
Microsoft,RH28,1.99098,0.776,0.0095,0,0,0,0.0684932,1.137,5000,10000,8,32,300,no,yes,both,no,no upfront,No commitment,On Demand,Standard,Linux,yes,no,US,yes,yes,yes,yes
Microsoft,RH29,1.93188,0.4895,0.0095,0,0,0,0.0684932,1.3644,5000,12000,8,32,300,no,yes,both,no,no upfront,1 Year commitment,On Demand,Standard,Linux,yes,no,US,yes,yes,yes,yes
Microsoft,RH30,1.76648,0.3241,0.0095,0,0,0,0.0684932,1.3644,5000,12000,8,32,300,no,yes,both,no,no upfront,3 Year commitment,On Demand,Standard,Linux,yes,no,US,yes,yes,yes,yes
Microsoft,RH31,2.30188,0.77,0.099,0,0,0,0.0684932,1.3644,5000,12000,8,32,300,no,yes,both,no,no upfront,No commitment,On Demand,SSD,Linux,yes,no,Europe,yes,yes,yes,yes
Microsoft,RH32,2.04138,0.5095,0.099,0,0,0,0.0684932,1.3644,5000,12000,8,32,300,no,yes,both,no,no upfront,1 Year commitment,On Demand,SSD,Linux,yes,no,Europe,yes,yes,yes,yes
Microsoft,RH33,1.86738,0.3355,0.099,0,0,0,0.0684932,1.3644,5000,12000,8,32,300,no,yes,both,no,no upfront,3 Year commitment,On Demand,SSD,Linux,yes,no,Europe,yes,yes,yes,yes
Microsoft,RH34,2.30716,0.87,0.0125,0,0,0,0.0273973,1.3973,2000,12000,8,32,300,no,yes,both,no,no upfront,No commitment,On Demand,Standard,Linux,yes,no,Asia,yes,yes,yes,yes
Microsoft,RH35,1.98306,0.5459,0.0125,0,0,0,0.0273973,1.3973,2000,12000,8,32,300,no,yes,both,no,no upfront,1 Year commitment,On Demand,Standard,Linux,yes,no,Asia,yes,yes,yes,yes
Microsoft,RH36,1.78836,0.3512,0.0125,0,0,0,0.0273973,1.3973,2000,12000,8,32,300,no,yes,both,no,no upfront,3 Year commitment,On Demand,Standard,Linux,yes,no,Asia,yes,yes,yes,yes
Microsoft,RH37,0.67194,0.425,0.1216,0,0,0,0.0054795,0.1199,400,1000,4,16,300,no,yes,both,no,no upfront,No commitment,On Demand,SSD,Linux,yes,no,Africa,yes,yes,yes,yes
Microsoft,RH38,0.50704,0.2601,0.1216,0,0,0,0.0054795,0.1199,400,1000,4,16,300,no,yes,both,no,no upfront,1 Year commitment,On Demand,SSD,Linux,yes,no,Africa,yes,yes,yes,yes
Microsoft,RH39,0.41584,0.1689,0.1216,0,0,0,0.0054795,0.1199,400,1000,4,16,300,no,yes,both,no,no upfront,3 Year commitment,On Demand,SSD,Linux,yes,no,Africa,yes,yes,yes,yes
Microsoft,RH40,0.62384,0.489,0.0095,0,0,0,0.0054795,0.1199,400,1000,4,16,300,no,yes,both,no,no upfront,No commitment,On Demand,Standard,Linux,yes,no,South America,yes,yes,yes,yes
Microsoft,RH41,0.41403,0.2833,0.0095,0,0,0,0.0013699,0.1199,100,1000,4,16,300,no,yes,both,no,no upfront,1 Year commitment,On Demand,Standard,Linux,yes,no,South America,yes,yes,yes,yes
Microsoft,RH42,0.32633,0.1956,0.0095,0,0,0,0.0013699,0.1199,100,1000,4,16,300,no,yes,both,no,no upfront,3 Year commitment,On Demand,Standard,Linux,yes,no,South America,yes,yes,yes,yes
Microsoft,RH43,0.90373,0.421,0.1204,0,0,0,0.0027397,0.3596,100,3000,4,16,300,no,yes,both,no,no upfront,No commitment,On Demand,SSD,Linux,yes,no,Australia,yes,yes,yes,yes
Microsoft,RH44,0.75423,0.2715,0.1204,0,0,0,0.0027397,0.3596,100,3000,4,16,300,no,yes,both,no,no upfront,1 Year commitment,On Demand,SSD,Linux,yes,no,Australia,yes,yes,yes,yes
Microsoft,RH45,0.66333,0.1806,0.1204,0,0,0,0.0027397,0.3596,100,3000,4,16,300,no,yes,both,no,no upfront,3 Year commitment,On Demand,SSD,Linux,yes,no,Australia,yes,yes,yes,yes
