Provider,Price,Deployment Type,CPU,RAM,STORAGE,external_egress,internal_egress,Autoscaling,Term_Length,Instance_Type,OS,Region,Scaling_to_zero,AppService_Domain,Certificates,Regional_redundancy,Container_support
Microsoft,0.06183561644,WebApp,1,1.75,10,400,100,no,0,dedicated,A_Linux,US,no,no,A_no,no,yes
Microsoft,0.06887671233,WebApp,2,3.5,10,300,600,no,0,dedicated,A_Linux,US,no,no,A_no,no,yes
Microsoft,0.071,WebApp,4,7,10,2000,1000,no,0,dedicated,A_Linux,US,no,no,A_no,no,yes
Microsoft,0.1188356164,WebApp,1,1.75,10,400,100,no,0,dedicated,Windows,US,no,no,A_no,no,yes
Microsoft,0.1828767123,WebApp,2,3.5,10,300,600,no,0,dedicated,Windows,US,no,no,A_no,no,yes
Microsoft,0.3,WebApp,4,7,10,2000,1000,no,0,dedicated,Windows,US,no,no,A_no,no,yes
Microsoft,0.1388356164,WebApp,1,1.75,50,400,100,yes,0,dedicated,A_Linux,US,no,no,A_no,no,yes
Microsoft,0.2228767123,WebApp,2,3.5,50,300,600,yes,0,dedicated,A_Linux,US,no,no,A_no,no,yes
Microsoft,0.38,WebApp,4,7,50,2000,1000,yes,0,dedicated,A_Linux,US,no,no,A_no,no,yes
Microsoft,0.1518253425,WebApp,1,1.75,50,400,100,yes,0,dedicated,Windows,US,no,no,Standard,no,yes
Microsoft,0.2408664384,WebApp,2,3.5,50,300,600,yes,0,dedicated,Windows,US,no,no,Standard,no,yes
Microsoft,0.407989726,WebApp,4,7,50,4000,1000,yes,0,dedicated,Windows,US,no,no,Standard,no,yes
Microsoft,0.1668253425,WebApp,1,3.5,250,400,100,yes,0,dedicated,A_Linux,US,no,no,Standard,no,yes
Microsoft,0.2718664384,WebApp,2,7,250,300,600,yes,0,dedicated,A_Linux,US,no,no,Standard,no,yes
Microsoft,0.469989726,WebApp,4,14,250,4000,1000,yes,0,dedicated,A_Linux,US,no,no,Standard,no,yes
Microsoft,0.2780810502,WebApp,1,3.5,250,400,100,yes,0,dedicated,Windows,US,no,no,Wildcard,no,yes
Microsoft,0.5438344749,WebApp,2,7,250,1000,600,yes,0,dedicated,Windows,US,no,no,Wildcard,no,yes
Microsoft,0.8342454338,WebApp,4,14,250,4000,1000,yes,0,dedicated,Windows,US,no,no,Wildcard,no,yes
Microsoft,0.4788344749,WebApp,2,8,250,1000,600,yes,0,dedicated,Windows,US,no,no,Wildcard,no,yes
Microsoft,0.7042454338,WebApp,4,16,250,4000,1000,yes,0,dedicated,Windows,US,no,no,Wildcard,no,yes
Microsoft,1.374245434,WebApp,8,32,250,4000,1000,yes,0,dedicated,Windows,US,no,no,Wildcard,no,yes
Microsoft,0.3938344749,WebApp,2,8,250,1000,600,yes,1,dedicated,Windows,US,no,no,Wildcard,no,yes
Microsoft,0.5342454338,WebApp,4,16,250,4000,1000,yes,1,dedicated,Windows,US,no,no,Wildcard,no,yes
Microsoft,1.034245434,WebApp,8,32,250,4000,1000,yes,1,dedicated,Windows,US,no,no,Wildcard,no,yes
Microsoft,0.3115890411,WebApp,2,8,250,1000,600,yes,3,dedicated,Windows,US,no,no,A_no,no,yes
Microsoft,0.404,WebApp,4,16,250,4000,1000,yes,3,dedicated,Windows,US,no,no,A_no,no,yes
Microsoft,0.808,WebApp,8,32,250,4000,1000,yes,3,dedicated,Windows,US,no,no,A_no,no,yes
Microsoft,0.0632043379,WebApp,1,1.75,10,400,100,no,0,dedicated,A_Linux,US,no,yes,A_no,no,yes
Microsoft,0.1469577626,WebApp,2,3.5,10,1000,600,no,0,dedicated,A_Linux,US,no,yes,A_no,no,yes
Microsoft,0.07236872146,WebApp,4,7,10,4000,1000,no,0,dedicated,A_Linux,US,no,yes,A_no,no,yes
Microsoft,0.1202043379,WebApp,1,1.75,10,400,100,no,0,dedicated,Windows,US,no,yes,A_no,no,yes
Microsoft,0.2609577626,WebApp,2,3.5,10,1000,600,no,0,dedicated,Windows,US,no,yes,A_no,no,yes
Microsoft,0.3013687215,WebApp,4,7,10,4000,1000,no,0,dedicated,Windows,US,no,yes,A_no,no,yes
Microsoft,0.1402043379,WebApp,1,1.75,50,400,100,yes,0,dedicated,A_Linux,US,no,yes,A_no,no,yes
Microsoft,0.3009577626,WebApp,2,3.5,50,1000,600,yes,0,dedicated,A_Linux,US,no,yes,A_no,no,yes
Microsoft,0.3813687215,WebApp,4,7,50,4000,1000,yes,0,dedicated,A_Linux,US,no,yes,A_no,no,yes
Microsoft,0.1452043379,WebApp,1,1.75,50,400,100,yes,0,dedicated,Windows,US,no,yes,A_no,no,yes
Microsoft,0.3109577626,WebApp,2,3.5,50,1000,600,yes,0,dedicated,Windows,US,no,yes,A_no,no,yes
Microsoft,0.4013687215,WebApp,4,7,50,4000,1000,yes,0,dedicated,Windows,US,no,yes,A_no,no,yes
Microsoft,0.1602043379,WebApp,1,3.5,250,400,100,yes,0,dedicated,A_Linux,US,no,yes,A_no,no,yes
Microsoft,0.3419577626,WebApp,2,7,250,1000,600,yes,0,dedicated,A_Linux,US,no,yes,A_no,no,yes
Microsoft,0.4633687215,WebApp,4,14,250,2000,1000,yes,0,dedicated,A_Linux,US,no,yes,A_no,no,yes
Microsoft,0.2452043379,WebApp,1,3.5,250,400,100,yes,0,dedicated,Windows,US,no,yes,A_no,no,yes
Microsoft,0.5109577626,WebApp,2,7,250,1000,600,yes,0,dedicated,Windows,US,no,yes,A_no,no,yes
Microsoft,0.8013687215,WebApp,4,14,250,2000,1000,yes,0,dedicated,Windows,US,no,yes,A_no,no,yes
Microsoft,0.4459577626,WebApp,2,8,250,1000,600,yes,0,dedicated,Windows,US,no,yes,A_no,no,yes
Microsoft,0.6713687215,WebApp,4,16,250,2000,1000,yes,0,dedicated,Windows,US,no,yes,A_no,no,yes
Microsoft,1.341368721,WebApp,8,32,250,2000,1000,yes,0,dedicated,Windows,US,no,yes,A_no,no,yes
Microsoft,0.3609577626,WebApp,2,8,250,1000,600,yes,1,dedicated,Windows,US,no,yes,A_no,no,yes
Microsoft,0.5013687215,WebApp,4,16,250,2000,1000,yes,1,dedicated,Windows,US,no,yes,A_no,no,yes
Microsoft,1.001368721,WebApp,8,32,250,2000,1000,yes,1,dedicated,Windows,US,no,yes,A_no,no,yes
Microsoft,0.3129577626,WebApp,2,8,250,1000,600,yes,3,dedicated,Windows,US,no,yes,A_no,no,yes
Microsoft,0.4053687215,WebApp,4,16,250,2000,1000,yes,3,dedicated,Windows,US,no,yes,A_no,no,yes
Microsoft,0.8093687215,WebApp,8,32,250,2000,1000,yes,3,dedicated,Windows,US,no,yes,A_no,no,yes
Microsoft,0.1402043379,WebApp,1,1.75,50,400,100,yes,0,dedicated,A_Linux,US,no,yes,A_no,no,yes
Microsoft,0.3009577626,WebApp,2,3.5,50,1000,600,yes,0,dedicated,A_Linux,US,no,yes,A_no,no,yes
Microsoft,0.3813687215,WebApp,4,7,50,2000,1000,yes,0,dedicated,A_Linux,US,no,yes,A_no,no,yes
Microsoft,0.1452043379,WebApp,1,1.75,50,400,100,yes,0,dedicated,Windows,US,no,yes,A_no,no,yes
Microsoft,0.3109577626,WebApp,2,3.5,50,1000,1000,yes,0,dedicated,Windows,US,no,yes,A_no,no,yes
Microsoft,0.4013687215,WebApp,4,7,50,2000,1000,yes,0,dedicated,Windows,US,no,yes,A_no,no,yes
Microsoft,0.1602043379,WebApp,1,3.5,250,400,100,yes,0,dedicated,A_Linux,US,no,yes,A_no,no,yes
Microsoft,0.3419577626,WebApp,2,7,250,1000,1000,yes,0,dedicated,A_Linux,US,no,yes,A_no,no,yes
Microsoft,0.4633687215,WebApp,4,14,250,2000,2000,yes,0,dedicated,A_Linux,US,no,yes,A_no,no,yes
Microsoft,0.2452043379,WebApp,1,3.5,250,400,100,yes,0,dedicated,Windows,US,no,yes,A_no,no,yes
Microsoft,0.5109577626,WebApp,2,7,250,1000,1000,yes,0,dedicated,Windows,US,no,yes,A_no,no,yes
Microsoft,0.8013687215,WebApp,4,14,250,2000,2000,yes,0,dedicated,Windows,US,no,yes,A_no,no,yes
Microsoft,0.4459577626,WebApp,2,8,250,1000,1000,yes,0,dedicated,Windows,US,no,yes,A_no,no,yes
Microsoft,0.6713687215,WebApp,4,16,250,2000,2000,yes,0,dedicated,Windows,US,no,yes,A_no,no,yes
Microsoft,1.341368721,WebApp,8,32,250,2000,2000,yes,0,dedicated,Windows,US,no,yes,A_no,no,yes
Microsoft,0.3609577626,WebApp,2,8,250,1000,1000,yes,1,dedicated,Windows,US,no,yes,A_no,no,yes
Microsoft,0.5013687215,WebApp,4,16,250,2000,2000,yes,1,dedicated,Windows,US,no,yes,A_no,no,yes
Microsoft,1.001368721,WebApp,8,32,250,2000,2000,yes,1,dedicated,Windows,US,no,yes,A_no,no,yes
Microsoft,0.3129577626,WebApp,2,8,250,1000,1000,yes,3,dedicated,Windows,US,no,yes,A_no,no,yes
Microsoft,0.4053687215,WebApp,4,16,250,2000,2000,yes,3,dedicated,Windows,US,no,yes,A_no,no,yes
Microsoft,0.8093687215,WebApp,8,32,250,2000,2000,yes,3,dedicated,Windows,US,no,yes,A_no,no,yes
Microsoft,0.2845890411,WebApp,2,8,250,1000,1000,yes,0,dedicated,A_Linux,US,no,no,A_no,no,yes
Microsoft,0.35,WebApp,4,16,250,2000,2000,yes,0,dedicated,A_Linux,US,no,no,A_no,no,yes
Microsoft,0.7,WebApp,8,32,250,2000,2000,yes,0,dedicated,A_Linux,US,no,no,A_no,no,yes
Microsoft,0.2315787671,WebApp,2,8,250,1000,1000,yes,1,dedicated,A_Linux,US,no,no,Standard,no,yes
Microsoft,0.235989726,WebApp,4,16,250,1000,2000,yes,1,dedicated,A_Linux,US,no,no,Standard,no,yes
Microsoft,0.462989726,WebApp,8,32,250,1000,2000,yes,1,dedicated,A_Linux,US,no,no,Standard,no,yes
Microsoft,0.1965787671,WebApp,2,8,250,1000,1000,yes,3,dedicated,A_Linux,US,no,no,Standard,no,yes
Microsoft,0.2755787671,WebApp,4,16,250,1000,2000,yes,3,dedicated,A_Linux,US,no,no,Standard,no,yes
Microsoft,0.4325787671,WebApp,8,32,250,1000,2000,yes,3,dedicated,A_Linux,US,no,no,Standard,no,yes
Microsoft,0.4297922374,WebApp,2,8,250,2000,1000,yes,0,dedicated,A_Linux,US,no,no,Wildcard,no,yes
Microsoft,0.4952031963,WebApp,4,16,250,1000,2000,yes,0,dedicated,A_Linux,US,no,yes,Wildcard,no,yes
Microsoft,0.8452031963,WebApp,8,32,250,1000,2000,yes,0,dedicated,A_Linux,US,no,yes,Wildcard,no,yes
Microsoft,0.3687922374,WebApp,2,8,250,2000,1000,yes,1,dedicated,A_Linux,US,no,yes,Wildcard,no,yes
Microsoft,0.3732031963,WebApp,4,16,250,1000,2000,yes,1,dedicated,A_Linux,US,no,yes,Wildcard,no,yes
Microsoft,0.6002031963,WebApp,8,32,250,1000,2000,yes,1,dedicated,A_Linux,US,no,yes,Wildcard,no,yes
Microsoft,0.2995468037,WebApp,2,8,250,2000,1000,yes,3,dedicated,A_Linux,US,no,yes,A_no,no,yes
Microsoft,0.2689577626,WebApp,4,16,250,1000,2000,yes,3,dedicated,A_Linux,US,no,yes,A_no,no,yes
Microsoft,0.4259577626,WebApp,8,32,250,1000,2000,yes,3,dedicated,A_Linux,US,no,yes,A_no,no,yes
Microsoft,0.06183561644,WebApp,1,1.75,10,400,100,no,0,dedicated,A_Linux,A_Europe,no,no,A_no,no,yes
Microsoft,0.2551780822,WebApp,2,3.5,10,2000,1000,no,0,dedicated,A_Linux,A_Europe,no,no,A_no,no,yes
Microsoft,0.1805890411,WebApp,4,7,10,1000,2000,no,0,dedicated,A_Linux,A_Europe,no,no,A_no,no,yes
Microsoft,0.1188356164,WebApp,1,1.75,10,400,400,no,0,dedicated,Windows,A_Europe,no,no,A_no,no,yes
Microsoft,0.3691780822,WebApp,2,3.5,10,2000,1000,no,0,dedicated,Windows,A_Europe,no,no,A_no,no,yes
Microsoft,0.4095890411,WebApp,4,7,10,1000,2000,no,0,dedicated,Windows,A_Europe,no,no,A_no,no,yes
Microsoft,0.1388356164,WebApp,1,1.75,50,400,400,yes,0,dedicated,A_Linux,A_Europe,no,no,A_no,no,yes
Microsoft,0.4091780822,WebApp,2,3.5,50,2000,1000,yes,0,dedicated,A_Linux,A_Europe,no,no,A_no,no,yes
Microsoft,0.4895890411,WebApp,4,7,50,1000,2000,yes,0,dedicated,A_Linux,A_Europe,no,no,A_no,no,yes
Microsoft,0.1518253425,WebApp,1,1.75,50,400,400,yes,0,dedicated,Windows,A_Europe,no,no,Standard,no,yes
Microsoft,0.4271678082,WebApp,2,3.5,50,2000,1000,yes,0,dedicated,Windows,A_Europe,no,no,Standard,no,yes
Microsoft,0.5175787671,WebApp,4,7,50,1000,2000,yes,0,dedicated,Windows,A_Europe,no,no,Standard,no,yes
Microsoft,0.1668253425,WebApp,1,3.5,250,400,400,yes,0,dedicated,A_Linux,A_Europe,no,no,Standard,no,yes
Microsoft,0.4581678082,WebApp,2,7,250,2000,1000,yes,0,dedicated,A_Linux,A_Europe,no,no,Standard,no,yes
Microsoft,0.5795787671,WebApp,4,14,250,1000,2000,yes,0,dedicated,A_Linux,A_Europe,no,no,Standard,no,yes
Microsoft,0.2780810502,WebApp,1,3.5,250,400,400,yes,0,dedicated,Windows,A_Europe,no,no,Wildcard,no,yes
Microsoft,0.653423516,WebApp,2,7,250,2000,1000,yes,0,dedicated,Windows,A_Europe,no,no,Wildcard,no,yes
Microsoft,0.9438344749,WebApp,4,14,250,1000,2000,yes,0,dedicated,Windows,A_Europe,no,no,Wildcard,no,yes
Microsoft,0.591423516,WebApp,2,8,250,2000,1000,yes,0,dedicated,Windows,A_Europe,no,no,Wildcard,no,yes
Microsoft,0.8198344749,WebApp,4,16,250,1000,2000,yes,0,dedicated,Windows,A_Europe,no,no,Wildcard,no,yes
Microsoft,1.495834475,WebApp,8,32,250,1000,2000,yes,0,dedicated,Windows,A_Europe,no,no,Wildcard,no,yes
Microsoft,0.505423516,WebApp,2,8,250,2000,1000,yes,1,dedicated,Windows,A_Europe,no,no,Wildcard,no,yes
Microsoft,0.6478344749,WebApp,4,16,250,1000,2000,yes,1,dedicated,Windows,A_Europe,no,no,Wildcard,no,yes
Microsoft,1.151834475,WebApp,8,32,250,1000,2000,yes,1,dedicated,Windows,A_Europe,no,no,Wildcard,no,yes
Microsoft,0.4221780822,WebApp,2,8,250,2000,1000,yes,3,dedicated,Windows,A_Europe,no,no,A_no,no,yes
Microsoft,0.5155890411,WebApp,4,16,250,1000,2000,yes,3,dedicated,Windows,A_Europe,no,no,A_no,no,yes
Microsoft,0.9215890411,WebApp,8,32,250,1000,2000,yes,3,dedicated,Windows,A_Europe,no,no,A_no,no,yes
Microsoft,0.08512214612,WebApp,1,1.75,10,400,400,no,0,dedicated,A_Linux,South America,no,yes,A_no,no,yes
Microsoft,0.3651358447,WebApp,2,3.5,10,2000,600,no,0,dedicated,A_Linux,South America,no,yes,A_no,no,yes
Microsoft,0.2357522831,WebApp,4,7,10,1000,2000,no,0,dedicated,A_Linux,South America,no,yes,A_no,no,yes
Microsoft,0.1421221461,WebApp,1,1.75,10,400,400,no,0,dedicated,Windows,South America,no,yes,A_no,no,yes
Microsoft,0.4801358447,WebApp,2,3.5,10,2000,600,no,0,dedicated,Windows,South America,no,yes,A_no,no,yes
Microsoft,0.958902968,WebApp,4,7,10,4000,2000,no,0,dedicated,Windows,South America,no,yes,A_no,no,yes
Microsoft,0.1471221461,WebApp,1,1.75,50,400,400,yes,0,dedicated,A_Linux,South America,no,yes,A_no,no,yes
Microsoft,0.4901358447,WebApp,2,3.5,50,2000,600,yes,0,dedicated,A_Linux,South America,no,yes,A_no,no,yes
Microsoft,0.978902968,WebApp,4,7,50,4000,2000,yes,0,dedicated,A_Linux,South America,no,yes,A_no,no,yes
Microsoft,0.2657522831,WebApp,1,1.75,50,1000,400,yes,0,dedicated,Windows,South America,no,yes,A_no,no,yes
Microsoft,0.5301358447,WebApp,2,3.5,50,2000,600,yes,0,dedicated,Windows,South America,no,yes,A_no,no,yes
Microsoft,1.058902968,WebApp,4,7,50,4000,2000,yes,0,dedicated,Windows,South America,no,yes,A_no,no,yes
Microsoft,0.2697522831,WebApp,1,3.5,250,1000,400,yes,0,dedicated,A_Linux,South America,no,yes,A_no,no,yes
Microsoft,0.5381358447,WebApp,2,7,250,2000,600,yes,0,dedicated,A_Linux,South America,no,yes,A_no,no,yes
Microsoft,1.074902968,WebApp,4,14,250,4000,2000,yes,0,dedicated,A_Linux,South America,no,yes,A_no,no,yes
Microsoft,0.3657522831,WebApp,1,3.5,250,1000,400,yes,0,dedicated,Windows,South America,no,yes,A_no,no,yes
Microsoft,0.7301358447,WebApp,2,7,250,2000,600,yes,0,dedicated,Windows,South America,no,yes,A_no,no,yes
Microsoft,1.458902968,WebApp,4,14,250,4000,2000,yes,0,dedicated,Windows,South America,no,yes,A_no,no,yes
Microsoft,0.6797385845,WebApp,2,8,250,2000,600,yes,0,dedicated,Windows,Asia,no,yes,A_no,no,yes
Microsoft,1.358108447,WebApp,4,16,250,4000,2000,yes,0,dedicated,Windows,Asia,no,yes,A_no,no,yes
Microsoft,2.112108447,WebApp,8,32,250,4000,2000,yes,0,dedicated,Windows,Asia,no,yes,A_no,no,yes
Microsoft,0.5807385845,WebApp,2,8,250,2000,600,yes,1,dedicated,Windows,Asia,no,yes,A_no,no,yes
Microsoft,1.160108447,WebApp,4,16,250,4000,2000,yes,1,dedicated,Windows,Asia,no,yes,A_no,no,yes
Microsoft,1.716108447,WebApp,8,32,250,4000,2000,yes,1,dedicated,Windows,Asia,no,yes,A_no,no,yes
Microsoft,0.5227385845,WebApp,2,8,250,2000,600,yes,3,dedicated,Windows,Asia,no,yes,A_no,no,yes
Microsoft,1.044108447,WebApp,4,16,250,4000,2000,yes,3,dedicated,Windows,Asia,no,yes,A_no,no,yes
Microsoft,1.484108447,WebApp,8,32,250,4000,2000,yes,3,dedicated,Windows,Asia,no,yes,A_no,no,yes
Microsoft,0.247053653,WebApp,1,1.75,50,1000,400,yes,0,dedicated,A_Linux,Asia,no,yes,A_no,no,yes
Microsoft,0.4927385845,WebApp,2,3.5,50,2000,600,yes,0,dedicated,A_Linux,Asia,no,yes,A_no,no,yes
Microsoft,0.9841084475,WebApp,4,7,50,4000,2000,yes,0,dedicated,A_Linux,Asia,no,yes,A_no,no,yes
Microsoft,0.252053653,WebApp,1,1.75,50,1000,400,yes,0,dedicated,Windows,Asia,no,yes,A_no,no,yes
Microsoft,0.5027385845,WebApp,2,3.5,50,2000,600,yes,0,dedicated,Windows,Asia,no,yes,A_no,no,yes
Microsoft,1.004108447,WebApp,4,7,50,4000,2000,yes,0,dedicated,Windows,Asia,no,yes,A_no,no,yes
Microsoft,0.276053653,WebApp,1,3.5,250,1000,400,yes,0,dedicated,A_Linux,Asia,no,yes,A_no,no,yes
Microsoft,0.5497385845,WebApp,2,7,250,2000,600,yes,0,dedicated,A_Linux,Asia,no,yes,A_no,no,yes
Microsoft,1.098108447,WebApp,4,14,250,4000,2000,yes,0,dedicated,A_Linux,Asia,no,yes,A_no,no,yes
Microsoft,0.352053653,WebApp,1,3.5,250,1000,400,yes,0,dedicated,Windows,Asia,no,yes,A_no,no,yes
Microsoft,0.8867385845,WebApp,2,7,250,2000,600,yes,0,dedicated,Windows,Africa,no,yes,A_no,no,yes
Microsoft,1.772108447,WebApp,4,14,250,4000,2000,yes,0,dedicated,Windows,Africa,no,yes,A_no,no,yes
Microsoft,0.6557385845,WebApp,2,8,250,2000,600,yes,0,dedicated,Windows,Africa,no,yes,A_no,no,yes
Microsoft,1.310108447,WebApp,4,16,250,4000,2000,yes,0,dedicated,Windows,Africa,no,yes,A_no,no,yes
Microsoft,2.016108447,WebApp,8,32,250,4000,2000,yes,0,dedicated,Windows,Africa,no,yes,A_no,no,yes
Microsoft,0.5647385845,WebApp,2,8,250,2000,600,yes,1,dedicated,Windows,Africa,no,yes,A_no,no,yes
Microsoft,1.128108447,WebApp,4,16,250,4000,2000,yes,1,dedicated,Windows,Africa,no,yes,A_no,no,yes
Microsoft,1.652108447,WebApp,8,32,250,4000,2000,yes,1,dedicated,Windows,Africa,no,yes,A_no,no,yes
Microsoft,0.5127385845,WebApp,2,8,250,2000,600,yes,3,dedicated,Windows,Africa,no,yes,A_no,no,yes
Microsoft,1.024108447,WebApp,4,16,250,4000,2000,yes,3,dedicated,Windows,Africa,no,yes,A_no,no,yes
Microsoft,1.444108447,WebApp,8,32,250,4000,2000,yes,3,dedicated,Windows,Africa,no,yes,A_no,no,yes
Microsoft,0.494369863,WebApp,2,8,250,2000,400,yes,0,dedicated,A_Linux,Africa,no,no,A_no,no,yes
Microsoft,0.988739726,WebApp,4,16,250,4000,2000,yes,0,dedicated,A_Linux,Africa,no,no,A_no,no,yes
Microsoft,1.374739726,WebApp,8,32,250,4000,2000,yes,0,dedicated,A_Linux,Africa,no,no,A_no,no,yes
Microsoft,0.434359589,WebApp,2,8,250,2000,400,yes,1,dedicated,A_Linux,Africa,no,no,Standard,no,yes
Microsoft,0.8617294521,WebApp,4,16,250,4000,2000,yes,1,dedicated,A_Linux,Africa,no,no,Standard,no,yes
Microsoft,1.112729452,WebApp,8,32,250,4000,2000,yes,1,dedicated,A_Linux,Africa,no,no,Standard,no,yes
Microsoft,0.396359589,WebApp,2,8,250,2000,400,yes,3,dedicated,A_Linux,Africa,no,no,Standard,no,yes
Microsoft,0.7847294521,WebApp,4,16,250,4000,2000,yes,3,dedicated,A_Linux,Africa,no,no,Standard,no,yes
Microsoft,0.9577294521,WebApp,8,32,250,4000,2000,yes,3,dedicated,A_Linux,Africa,no,no,Standard,no,yes
Microsoft,0.5209840183,WebApp,2,8,250,2000,400,yes,0,dedicated,A_Linux,Australia,no,no,Wildcard,no,yes
Microsoft,1.006353881,WebApp,4,16,250,4000,2000,yes,0,dedicated,A_Linux,Australia,no,yes,Wildcard,no,yes
Microsoft,1.374353881,WebApp,8,32,250,4000,2000,yes,0,dedicated,A_Linux,Australia,no,yes,Wildcard,no,yes
Microsoft,0.4569840183,WebApp,2,8,250,2000,400,yes,1,dedicated,A_Linux,Australia,no,yes,Wildcard,no,yes
Microsoft,0.8773538813,WebApp,4,16,250,4000,2000,yes,1,dedicated,A_Linux,Australia,no,yes,Wildcard,no,yes
Microsoft,1.116353881,WebApp,8,32,250,4000,2000,yes,1,dedicated,A_Linux,Australia,no,yes,Wildcard,no,yes
Microsoft,0.3857385845,WebApp,2,8,250,2000,400,yes,3,dedicated,A_Linux,Australia,no,yes,A_no,no,yes
Microsoft,0.7701084475,WebApp,4,16,250,4000,2000,yes,3,dedicated,A_Linux,Australia,no,yes,A_no,no,yes
Microsoft,0.9351084475,WebApp,8,32,250,4000,1000,yes,3,dedicated,A_Linux,Australia,no,yes,A_no,no,yes
Microsoft,0.5095890411,WebApp,1,3.5,1000,1000,400,yes,0,Isolated,Windows,US,no,no,A_no,no,yes
Microsoft,1.019178082,WebApp,2,7,1000,2000,400,yes,0,Isolated,Windows,US,no,no,A_no,no,yes
Microsoft,2.038356164,WebApp,4,14,1000,4000,1000,yes,0,Isolated,Windows,US,no,no,A_no,no,yes
Microsoft,0.4895890411,WebApp,1,3.5,1000,1000,400,yes,0,Isolated,A_Linux,US,no,no,A_no,no,yes
Microsoft,0.9791780822,WebApp,2,7,1000,2000,400,yes,0,Isolated,A_Linux,US,no,no,A_no,no,yes
Microsoft,1.958356164,WebApp,4,14,1000,4000,1000,yes,0,Isolated,A_Linux,US,no,no,A_no,no,yes
Microsoft,0.7973972603,WebApp,2,8,1000,2000,600,yes,0,Isolated,Windows,US,no,no,A_no,yes,yes
Microsoft,1.677945205,WebApp,4,16,1000,4000,1000,yes,0,Isolated,Windows,US,no,no,A_no,yes,yes
Microsoft,2.817945205,WebApp,8,32,1000,4000,1000,yes,0,Isolated,Windows,US,no,no,A_no,yes,yes
Microsoft,0.6273972603,WebApp,2,8,1000,2000,600,yes,1,Isolated,Windows,US,no,no,A_no,yes,yes
Microsoft,1.347945205,WebApp,4,16,1000,4000,1000,yes,1,Isolated,Windows,US,no,no,A_no,yes,yes
Microsoft,2.147945205,WebApp,8,32,1000,4000,1000,yes,1,Isolated,Windows,US,no,no,A_no,yes,yes
Microsoft,0.5373972603,WebApp,2,8,1000,2000,600,yes,3,Isolated,Windows,US,no,no,A_no,yes,yes
Microsoft,1.157945205,WebApp,4,16,1000,4000,1000,yes,3,Isolated,Windows,US,no,no,A_no,yes,yes
Microsoft,1.767945205,WebApp,8,32,1000,4000,1000,yes,3,Isolated,Windows,US,no,no,A_no,yes,yes
Microsoft,0.6373972603,WebApp,2,8,1000,2000,600,yes,0,Isolated,A_Linux,US,no,no,A_no,yes,yes
Microsoft,1.357945205,WebApp,4,16,1000,4000,1000,yes,0,Isolated,A_Linux,US,no,no,A_no,yes,yes
Microsoft,2.167945205,WebApp,8,32,1000,4000,1000,yes,0,Isolated,A_Linux,US,no,no,A_no,yes,yes
Microsoft,0.4873972603,WebApp,2,8,1000,2000,600,yes,1,Isolated,A_Linux,US,no,no,A_no,yes,yes
Microsoft,1.077945205,WebApp,4,16,1000,4000,1000,yes,1,Isolated,A_Linux,US,no,no,A_no,yes,yes
Microsoft,1.607945205,WebApp,8,32,1000,4000,1000,yes,1,Isolated,A_Linux,US,no,no,A_no,yes,yes
Microsoft,0.3973972603,WebApp,2,8,1000,2000,600,yes,3,Isolated,A_Linux,US,no,no,A_no,yes,yes
Microsoft,0.8879452055,WebApp,4,16,1000,4000,1000,yes,3,Isolated,A_Linux,US,no,no,A_no,yes,yes
Microsoft,1.237945205,WebApp,8,32,1000,4000,1000,yes,3,Isolated,A_Linux,US,no,no,A_no,yes,yes
Microsoft,0.4095890411,WebApp,1,3.5,1000,1000,400,yes,0,Isolated,Windows,A_Europe,no,no,A_no,no,yes
Microsoft,0.8191780822,WebApp,2,7,1000,2000,400,yes,0,Isolated,Windows,A_Europe,no,no,A_no,no,yes
Microsoft,1.638356164,WebApp,4,14,1000,4000,1000,yes,0,Isolated,Windows,A_Europe,no,no,A_no,no,yes
Microsoft,0.3995890411,WebApp,1,3.5,1000,1000,400,yes,0,Isolated,A_Linux,A_Europe,no,no,A_no,no,yes
Microsoft,0.7891780822,WebApp,2,7,1000,2000,400,yes,0,Isolated,A_Linux,A_Europe,no,no,A_no,no,yes
Microsoft,1.578356164,WebApp,4,14,1000,4000,1000,yes,0,Isolated,A_Linux,A_Europe,no,no,A_no,no,yes
Microsoft,0.7973972603,WebApp,2,8,1000,2000,600,yes,0,Isolated,Windows,A_Europe,no,no,A_no,yes,yes
Microsoft,1.687945205,WebApp,4,16,1000,4000,1000,yes,0,Isolated,Windows,A_Europe,no,no,A_no,yes,yes
Microsoft,2.827945205,WebApp,8,32,1000,4000,1000,yes,0,Isolated,Windows,A_Europe,no,no,A_no,yes,yes
Microsoft,0.6273972603,WebApp,2,8,1000,2000,600,yes,1,Isolated,Windows,A_Europe,no,no,A_no,yes,yes
Microsoft,1.357945205,WebApp,4,16,1000,4000,1000,yes,1,Isolated,Windows,A_Europe,no,no,A_no,yes,yes
Microsoft,2.157945205,WebApp,8,32,1000,4000,1000,yes,1,Isolated,Windows,A_Europe,no,no,A_no,yes,yes
Microsoft,0.5373972603,WebApp,2,8,1000,2000,600,yes,3,Isolated,Windows,A_Europe,no,no,A_no,yes,yes
Microsoft,0.8291780822,WebApp,4,16,1000,1000,1000,yes,3,Isolated,Windows,A_Europe,no,no,A_no,yes,yes
Microsoft,1.449178082,WebApp,8,32,1000,1000,1000,yes,3,Isolated,Windows,A_Europe,no,no,A_no,yes,yes
Microsoft,0.7569863014,WebApp,2,8,1000,2000,600,yes,0,Isolated,A_Linux,South America,no,no,A_no,yes,yes
Microsoft,1.113972603,WebApp,4,16,1000,1000,1000,yes,0,Isolated,A_Linux,South America,no,no,A_no,yes,yes
Microsoft,1.888219178,WebApp,8,32,1000,1000,400,yes,0,Isolated,A_Linux,South America,no,no,A_no,yes,yes
Microsoft,0.6083550228,WebApp,2,8,1000,2000,600,yes,1,Isolated,A_Linux,South America,no,yes,A_no,yes,yes
Microsoft,0.7595878995,WebApp,4,16,1000,1000,400,yes,1,Isolated,A_Linux,South America,no,yes,A_no,yes,yes
Microsoft,1.2995879,WebApp,8,32,1000,1000,400,yes,1,Isolated,A_Linux,South America,no,yes,A_no,yes,yes
Microsoft,0.5183550228,WebApp,2,8,1000,2000,600,yes,3,Isolated,A_Linux,South America,no,yes,A_no,yes,yes
Microsoft,0.5595878995,WebApp,4,16,1000,1000,400,yes,3,Isolated,A_Linux,South America,no,yes,A_no,yes,yes
Microsoft,0.9195878995,WebApp,8,32,1000,1000,400,yes,3,Isolated,A_Linux,South America,no,yes,A_no,yes,yes
Microsoft,0.4657522831,WebApp,1,3.5,1000,1000,400,yes,0,Isolated,Windows,South America,no,yes,A_no,no,yes
Microsoft,0.9301358447,WebApp,2,7,1000,2000,400,yes,0,Isolated,Windows,South America,no,yes,A_no,no,yes
Microsoft,1.866892694,WebApp,4,14,1000,4000,1000,yes,0,Isolated,Windows,South America,no,yes,Standard,no,yes
Microsoft,0.450043379,WebApp,1,3.5,1000,1000,400,yes,0,Isolated,A_Linux,Asia,no,yes,Standard,no,yes
Microsoft,0.8807283105,WebApp,2,7,1000,2000,400,yes,0,Isolated,A_Linux,Asia,no,yes,Standard,no,yes
Microsoft,1.752098174,WebApp,4,14,1000,4000,1000,yes,0,Isolated,A_Linux,Asia,no,yes,Standard,no,yes
Microsoft,0.8989474886,WebApp,2,8,1000,2000,600,yes,0,Isolated,Windows,Asia,no,yes,Standard,yes,yes
Microsoft,1.353878995,WebApp,4,16,1000,1000,400,yes,0,Isolated,Windows,Asia,no,yes,Standard,yes,yes
Microsoft,2.503878995,WebApp,8,32,1000,1000,400,yes,0,Isolated,Windows,Asia,no,yes,Standard,yes,yes
Microsoft,0.4933310502,WebApp,2,8,1000,400,1000,yes,1,Isolated,Windows,Asia,no,yes,Standard,yes,yes
Microsoft,1.012510274,WebApp,4,16,1000,1000,400,yes,1,Isolated,Windows,Asia,no,no,Standard,yes,yes
Microsoft,1.973195205,WebApp,8,32,1000,2000,400,yes,1,Isolated,Windows,Asia,no,no,Standard,yes,yes
Microsoft,0.3919623288,WebApp,2,8,1000,400,1000,yes,3,Isolated,Windows,Asia,no,no,Standard,yes,yes
Microsoft,0.9731952055,WebApp,4,16,1000,2000,400,yes,3,Isolated,Windows,Asia,no,no,Standard,yes,yes
Microsoft,1.593195205,WebApp,8,32,1000,2000,400,yes,3,Isolated,Windows,Asia,no,no,Standard,yes,yes
Microsoft,0.4919623288,WebApp,2,8,1000,400,1000,yes,0,Isolated,A_Linux,Asia,no,no,Standard,yes,yes
Microsoft,1.183195205,WebApp,4,16,1000,2000,400,yes,0,Isolated,A_Linux,Asia,no,no,Standard,yes,yes
Microsoft,2.013195205,WebApp,8,32,1000,2000,400,yes,0,Isolated,A_Linux,Asia,no,no,Standard,yes,yes
Microsoft,0.3519623288,WebApp,2,8,1000,400,1000,yes,1,Isolated,A_Linux,Asia,no,no,Standard,yes,yes
Microsoft,0.8931952055,WebApp,4,16,1000,2000,400,yes,1,Isolated,A_Linux,Asia,no,no,Standard,yes,yes
Microsoft,1.433195205,WebApp,8,32,1000,2000,400,yes,1,Isolated,A_Linux,Asia,no,no,Standard,yes,yes
Microsoft,0.2619623288,WebApp,2,8,1000,400,1000,yes,3,Isolated,A_Linux,Africa,no,no,Standard,yes,yes
Microsoft,0.7131952055,WebApp,4,16,1000,2000,400,yes,3,Isolated,A_Linux,Africa,no,no,Standard,yes,yes
Microsoft,1.073195205,WebApp,8,32,1000,2000,400,yes,3,Isolated,A_Linux,Africa,no,no,Standard,yes,yes
Microsoft,0.5438344749,WebApp,1,3.5,1000,1000,400,yes,0,Isolated,Windows,US,no,no,Wildcard,no,yes
Microsoft,1.053423516,WebApp,2,7,1000,2000,400,yes,0,Isolated,Windows,US,no,no,Wildcard,no,yes
Microsoft,2.072601598,WebApp,4,14,1000,4000,1000,yes,0,Isolated,Windows,US,no,no,Wildcard,no,yes
Microsoft,0.5238344749,WebApp,1,3.5,1000,1000,400,yes,0,Isolated,A_Linux,US,no,no,Wildcard,no,yes
Microsoft,1.013423516,WebApp,2,7,1000,2000,400,yes,0,Isolated,A_Linux,US,no,no,Wildcard,no,yes
Microsoft,1.992601598,WebApp,4,14,1000,4000,1000,yes,0,Isolated,A_Linux,US,no,no,Wildcard,no,yes
Microsoft,0.6617796804,WebApp,2,8,1000,400,1000,yes,0,Isolated,Windows,US,no,no,Wildcard,yes,yes
Microsoft,1.602601598,WebApp,4,16,1000,2000,2000,yes,0,Isolated,Windows,US,no,no,Wildcard,yes,yes
Microsoft,2.854793379,WebApp,8,32,1000,2000,2000,yes,0,Isolated,Windows,Australia,no,no,Wildcard,yes,yes
Microsoft,0.5182180365,WebApp,2,8,1000,400,1000,yes,1,Isolated,Windows,Australia,no,no,Wildcard,yes,yes
Microsoft,1.364793379,WebApp,4,16,1000,2000,2000,yes,1,Isolated,Windows,Australia,no,no,Wildcard,yes,yes
Microsoft,2.184793379,WebApp,8,32,1000,2000,2000,yes,1,Isolated,Windows,Australia,no,no,Wildcard,yes,yes
Microsoft,0.4182180365,WebApp,2,8,1000,400,1000,yes,3,Isolated,Windows,Australia,no,no,Wildcard,yes,yes
Microsoft,1.174793379,WebApp,4,16,1000,2000,2000,yes,3,Isolated,Windows,Australia,no,no,Wildcard,yes,yes
Microsoft,1.794793379,WebApp,8,32,1000,2000,2000,yes,3,Isolated,Windows,Australia,no,no,Wildcard,yes,yes
Microsoft,0.5282180365,WebApp,2,8,1000,400,1000,yes,0,Isolated,A_Linux,Australia,no,no,Wildcard,yes,yes
Microsoft,1.384793379,WebApp,4,16,1000,2000,2000,yes,0,Isolated,A_Linux,Australia,no,no,Wildcard,yes,yes
Microsoft,2.214793379,WebApp,8,32,1000,2000,2000,yes,0,Isolated,A_Linux,Australia,no,no,Wildcard,yes,yes
Microsoft,0.3782180365,WebApp,2,8,1000,400,1000,yes,1,Isolated,A_Linux,Australia,no,no,Wildcard,yes,yes
Microsoft,1.094793379,WebApp,4,16,1000,2000,2000,yes,1,Isolated,A_Linux,Australia,no,no,Wildcard,yes,yes
Microsoft,1.600547945,WebApp,8,32,1000,2000,2000,yes,1,Isolated,A_Linux,Australia,no,no,A_no,yes,yes
Microsoft,0.2539726027,WebApp,2,8,1000,400,1000,yes,3,Isolated,A_Linux,Australia,no,no,A_no,yes,yes
Microsoft,0.8705479452,WebApp,4,16,1000,2000,2000,yes,3,Isolated,A_Linux,Australia,no,no,A_no,yes,yes
Microsoft,1.220547945,WebApp,8,32,1000,2000,2000,yes,3,Isolated,A_Linux,Australia,no,no,A_no,yes,yes
Google,0.1787671233,WebApp,1,0.5,50,400,400,no,0,A_Shared,Windows,US,yes,yes,A_no,yes,no
Google,0.2787671233,WebApp,2,1,50,400,400,no,0,A_Shared,Windows,US,yes,yes,A_no,yes,no
Google,0.3787671233,WebApp,2,2,50,400,400,no,0,A_Shared,Windows,US,yes,yes,A_no,yes,no
Google,0.4787671233,WebApp,4,2,50,400,400,no,0,A_Shared,Windows,US,yes,yes,A_no,yes,no
Google,0.1787671233,WebApp,1,0.5,50,400,400,yes,0,A_Shared,Windows,US,yes,yes,A_no,yes,no
Google,0.2787671233,WebApp,2,1,50,400,400,yes,0,A_Shared,Windows,US,yes,yes,A_no,yes,no
Google,0.3787671233,WebApp,2,2,50,400,400,yes,0,A_Shared,Windows,US,yes,yes,A_no,yes,no
Google,0.140915411,WebApp,1,1.75,10,400,400,yes,0,A_Shared,Windows,US,yes,no,A_no,yes,yes
Google,0.205940411,WebApp,2,3.5,10,400,400,yes,0,A_Shared,Windows,US,no,no,A_no,yes,yes
Google,0.335990411,WebApp,4,7,10,400,400,yes,0,A_Shared,Windows,US,no,no,A_no,yes,yes
Google,0.132040411,WebApp,1,0.5,10,400,400,yes,0,A_Shared,Windows,US,no,no,A_no,yes,yes
Google,0.188190411,WebApp,2,1,10,400,400,yes,0,A_Shared,Windows,US,no,no,A_no,yes,yes
Google,0.423509589,WebApp,2,2,500,400,400,yes,0,A_Shared,Windows,US,no,no,A_no,yes,yes
Google,0.459009589,WebApp,2,7,500,400,400,yes,0,A_Shared,Windows,US,no,no,A_no,yes,yes
Google,0.613909589,WebApp,4,14,500,400,400,yes,0,A_Shared,Windows,US,no,no,A_no,yes,yes
Google,0.466109589,WebApp,2,8,500,400,400,yes,0,A_Shared,Windows,US,no,no,A_no,yes,yes
Google,0.5061917808,WebApp,4,16,500,400,400,yes,0,A_Shared,Windows,US,no,no,A_no,no,yes
Google,0.8301917808,WebApp,8,32,500,400,400,yes,0,A_Shared,Windows,US,no,no,A_no,no,yes
Google,0.2450684932,WebApp,1,0.5,500,400,100,no,0,A_Shared,Windows,A_Europe,yes,yes,A_no,yes,no
Google,0.3750684932,WebApp,2,1,500,400,100,no,0,A_Shared,Windows,A_Europe,yes,yes,A_no,yes,no
Google,0.5050684932,WebApp,2,2,500,400,100,no,0,A_Shared,Windows,A_Europe,yes,yes,A_no,yes,no
Google,0.6350684932,WebApp,4,2,500,400,100,no,0,A_Shared,Windows,A_Europe,yes,yes,A_no,yes,no
Google,0.2450684932,WebApp,1,0.5,500,400,100,yes,0,A_Shared,Windows,A_Europe,yes,yes,A_no,yes,no
Google,0.3750684932,WebApp,2,1,500,400,100,yes,0,A_Shared,Windows,A_Europe,yes,yes,A_no,yes,no
Google,0.5016438356,WebApp,2,2,500,400,100,yes,0,A_Shared,Windows,A_Europe,yes,no,A_no,yes,no
Google,0.1811472603,WebApp,1,1.75,50,400,100,yes,0,A_Shared,Windows,A_Europe,yes,no,A_no,yes,yes
Google,0.2648972603,WebApp,2,3.5,50,400,100,yes,0,A_Shared,Windows,A_Europe,no,no,A_no,yes,yes
Google,0.4365068493,WebApp,4,7,50,400,400,yes,0,A_Shared,Windows,A_Europe,no,no,A_no,yes,yes
Google,0.1740068493,WebApp,1,0.5,50,400,400,yes,0,A_Shared,Windows,A_Europe,no,no,A_no,yes,yes
Google,0.2465068493,WebApp,2,1,50,400,400,yes,0,A_Shared,Windows,A_Europe,no,no,A_no,yes,yes
Google,0.2555068493,WebApp,2,2,50,400,400,yes,0,A_Shared,Windows,A_Europe,no,no,A_no,yes,yes
Google,0.3005068493,WebApp,2,7,50,400,400,yes,0,A_Shared,Windows,A_Europe,no,no,A_no,yes,yes
Google,0.5022465753,WebApp,4,14,50,400,600,yes,0,A_Shared,Windows,A_Europe,no,no,A_no,yes,yes
Google,0.3122465753,WebApp,2,8,50,400,600,yes,0,A_Shared,Windows,A_Europe,no,no,A_no,yes,yes
Google,0.5202465753,WebApp,4,16,50,400,600,yes,0,A_Shared,Windows,A_Europe,no,no,A_no,yes,yes
Google,0.9734383562,WebApp,8,32,250,400,600,yes,0,A_Shared,Windows,A_Europe,no,no,A_no,no,yes
Google,0.5662328767,WebApp,1,0.5,10,400,0,no,0,A_Shared,Windows,South America,yes,no,A_no,no,no
Google,0.5662328767,WebApp,2,1,10,400,100,no,0,A_Shared,Windows,South America,yes,no,A_no,no,no
Google,0.5162328767,WebApp,2,2,10,400,100,no,0,A_Shared,Windows,South America,yes,no,A_no,no,no
Google,0.6662328767,WebApp,4,2,10,400,100,no,0,A_Shared,Windows,South America,yes,no,A_no,no,no
Google,0.2162328767,WebApp,1,0.5,10,400,100,yes,0,A_Shared,Windows,South America,yes,no,A_no,no,no
Google,0.372260274,WebApp,2,1,10,400,400,yes,0,A_Shared,Windows,South America,yes,no,A_no,yes,no
Google,0.522260274,WebApp,2,2,10,400,400,yes,0,A_Shared,Windows,South America,yes,no,A_no,yes,no
Google,0.1674965753,WebApp,1,1.75,10,400,100,yes,0,A_Shared,Windows,South America,yes,no,A_no,no,yes
Google,0.2657465753,WebApp,2,3.5,10,400,100,yes,0,A_Shared,Windows,South America,no,no,A_no,no,yes
Google,0.4622465753,WebApp,4,7,10,400,100,yes,0,A_Shared,Windows,South America,no,no,A_no,no,yes
Google,0.1537465753,WebApp,1,0.5,10,400,100,yes,0,A_Shared,Windows,South America,no,no,A_no,no,yes
Google,0.243109589,WebApp,2,1,10,400,100,yes,0,A_Shared,Windows,South America,no,no,A_no,yes,yes
Google,0.254109589,WebApp,2,2,10,400,100,yes,0,A_Shared,Windows,South America,no,no,A_no,yes,yes
Google,0.407739726,WebApp,2,7,10,1000,100,yes,0,A_Shared,Windows,South America,no,no,A_no,yes,yes
Google,0.642739726,WebApp,4,14,10,1000,100,yes,0,A_Shared,Windows,South America,no,no,A_no,yes,yes
Google,0.4117534247,WebApp,2,8,10,1000,100,yes,0,A_Shared,Windows,South America,no,no,A_no,yes,yes
Google,0.6577534247,WebApp,4,16,10,1000,100,yes,0,A_Shared,Windows,South America,no,no,A_no,yes,yes
Google,1.149753425,WebApp,8,32,10,1000,100,yes,0,A_Shared,Windows,South America,no,no,A_no,yes,yes
Google,0.1954520548,WebApp,1,0.5,500,400,100,no,0,A_Shared,Windows,Asia,yes,no,A_no,no,no
Google,0.3114520548,WebApp,2,1,500,400,100,no,0,A_Shared,Windows,Asia,yes,no,A_no,no,no
Google,0.4274520548,WebApp,2,2,500,400,100,no,0,A_Shared,Windows,Asia,yes,no,A_no,no,no
Google,0.6133150685,WebApp,4,2,500,400,100,no,0,A_Shared,Windows,Asia,yes,no,A_no,yes,no
Google,0.2653150685,WebApp,1,0.5,500,400,100,yes,0,A_Shared,Windows,Asia,yes,no,A_no,yes,no
Google,0.3813150685,WebApp,2,1,500,400,100,yes,0,A_Shared,Windows,Asia,yes,no,A_no,yes,no
Google,0.5959452055,WebApp,2,2,500,1000,100,yes,0,A_Shared,Windows,Asia,yes,no,A_no,yes,no
Google,0.1425479452,WebApp,1,1.75,10,400,100,yes,0,A_Shared,Windows,Asia,yes,no,A_no,no,yes
Google,0.2165479452,WebApp,2,3.5,10,400,100,yes,0,A_Shared,Windows,Asia,no,no,A_no,no,yes
Google,0.3645479452,WebApp,4,7,10,400,100,yes,0,A_Shared,Windows,Asia,no,no,A_no,no,yes
Google,0.1325479452,WebApp,1,0.5,10,400,100,yes,0,A_Shared,Windows,Asia,no,no,A_no,no,yes
Google,0.1965479452,WebApp,2,1,10,400,100,yes,0,A_Shared,Windows,Asia,no,no,A_no,no,yes
Google,0.2155616438,WebApp,2,2,10,400,600,yes,0,A_Shared,Windows,Asia,no,no,A_no,yes,yes
Google,0.2555616438,WebApp,2,7,10,400,600,yes,0,A_Shared,Windows,Asia,no,no,A_no,yes,yes
Google,0.4315616438,WebApp,4,14,10,400,600,yes,0,A_Shared,Windows,Asia,no,no,A_no,yes,yes
Google,0.2635616438,WebApp,2,8,10,400,600,yes,0,A_Shared,Windows,Asia,no,no,A_no,yes,yes
Google,0.4475616438,WebApp,4,16,10,400,600,yes,0,A_Shared,Windows,Asia,no,no,A_no,yes,yes
Google,0.9073424658,WebApp,8,32,10,1000,100,yes,0,A_Shared,Windows,Asia,no,no,A_no,yes,yes
Google,0.4099726027,WebApp,1,0.5,1000,400,100,no,0,A_Shared,Windows,Australia,yes,no,A_no,yes,no
Google,0.5459726027,WebApp,2,1,1000,400,100,no,0,A_Shared,Windows,Australia,yes,no,A_no,yes,no
Google,0.6819726027,WebApp,2,2,1000,400,100,no,0,A_Shared,Windows,Australia,yes,no,A_no,yes,no
Google,0.8179726027,WebApp,4,2,1000,400,100,no,0,A_Shared,Windows,Australia,yes,no,A_no,yes,no
Google,0.5661369863,WebApp,1,0.5,1000,1000,100,yes,0,A_Shared,Windows,Australia,yes,no,A_no,yes,no
Google,0.622,WebApp,2,1,500,1000,400,yes,0,A_Shared,Windows,Australia,yes,no,A_no,yes,no
Google,0.758,WebApp,2,2,500,1000,400,yes,0,A_Shared,Windows,Australia,yes,no,A_no,yes,no
Google,0.1955547945,WebApp,1,1.75,50,400,100,yes,0,A_Shared,Windows,Australia,yes,no,A_no,yes,yes
Google,0.2840547945,WebApp,2,3.5,50,400,100,yes,0,A_Shared,Windows,Australia,no,no,A_no,yes,yes
Google,0.4610547945,WebApp,4,7,50,400,100,yes,0,A_Shared,Windows,Australia,no,no,A_no,yes,yes
Google,0.1830547945,WebApp,1,0.5,50,400,100,yes,0,A_Shared,Windows,Australia,no,no,A_no,yes,yes
Google,0.2590547945,WebApp,2,1,50,400,100,yes,0,A_Shared,Windows,Australia,no,no,A_no,yes,yes
Google,0.2690547945,WebApp,2,2,50,400,100,yes,0,A_Shared,Windows,Australia,no,no,A_no,yes,yes
Google,0.3190547945,WebApp,2,7,50,400,100,yes,0,A_Shared,Windows,Australia,no,no,A_no,yes,yes
Google,0.5310547945,WebApp,4,14,50,400,100,yes,0,A_Shared,Windows,Australia,no,no,A_no,yes,yes
Google,0.3290547945,WebApp,2,8,50,400,100,yes,0,A_Shared,Windows,Australia,no,no,A_no,yes,yes
Google,0.5510547945,WebApp,4,16,50,400,100,yes,0,A_Shared,Windows,Australia,no,no,A_no,yes,yes
Google,0.9937945205,WebApp,8,32,10,400,100,yes,0,A_Shared,Windows,Australia,no,no,A_no,yes,yes
Google,0.2657534247,WebApp,1,0.5,50,1000,100,no,0,A_Shared,Windows,US,yes,no,A_no,yes,no
Google,0.3646575342,WebApp,2,1,10,1000,100,no,0,A_Shared,Windows,US,yes,no,A_no,no,no
Google,0.4646575342,WebApp,2,2,10,1000,100,no,0,A_Shared,Windows,US,yes,no,A_no,no,no
Google,0.5646575342,WebApp,4,2,10,1000,100,no,0,A_Shared,Windows,US,yes,no,A_no,no,no
Google,0.2646575342,WebApp,1,0.5,10,1000,100,yes,0,A_Shared,Windows,US,yes,no,A_no,no,no
Google,0.3646575342,WebApp,2,1,10,1000,100,yes,0,A_Shared,Windows,US,yes,no,A_no,no,no
Google,0.6309589041,WebApp,2,2,10,2000,100,yes,0,A_Shared,Windows,US,yes,no,A_no,yes,no
Google,0.5102304795,WebApp,1,1.75,500,2000,100,yes,0,A_Shared,Windows,US,yes,no,A_no,no,yes
Google,0.5752554795,WebApp,2,3.5,500,2000,100,yes,0,A_Shared,Windows,US,no,no,A_no,no,yes
Google,0.7053054795,WebApp,4,7,500,2000,400,yes,0,A_Shared,Windows,US,no,no,A_no,no,yes
Google,0.3965609589,WebApp,1,0.5,50,2000,400,yes,0,A_Shared,Windows,US,no,no,A_no,no,yes
Google,0.4527109589,WebApp,2,1,50,2000,400,yes,0,A_Shared,Windows,US,no,no,A_no,no,yes
Google,0.4598109589,WebApp,2,2,50,2000,400,yes,0,A_Shared,Windows,US,no,no,A_no,no,yes
Google,0.8240780822,WebApp,2,7,50,4000,400,yes,0,A_Shared,Windows,US,no,no,A_no,no,yes
Google,0.9789780822,WebApp,4,14,50,4000,400,yes,0,A_Shared,Windows,US,no,no,A_no,no,yes
Google,0.8777534247,WebApp,2,8,250,4000,400,yes,0,A_Shared,Windows,US,no,no,A_no,no,yes
Google,1.103452055,WebApp,4,16,250,4000,400,yes,0,A_Shared,Windows,US,no,no,A_no,yes,yes
Google,1.427452055,WebApp,8,32,250,4000,400,yes,0,A_Shared,Windows,US,no,no,A_no,yes,yes
Google,0.2930136986,WebApp,1,0.5,1000,400,600,no,0,A_Shared,Windows,A_Europe,yes,no,A_no,yes,no
Google,0.5216438356,WebApp,2,1,1000,1000,600,no,0,A_Shared,Windows,A_Europe,yes,no,A_no,yes,no
Google,0.6571232877,WebApp,2,2,1000,1000,1000,no,0,A_Shared,Windows,A_Europe,yes,no,A_no,yes,no
Google,0.7871232877,WebApp,4,2,1000,1000,1000,no,0,A_Shared,Windows,A_Europe,yes,no,A_no,yes,no
Google,0.3971232877,WebApp,1,0.5,1000,1000,1000,yes,0,A_Shared,Windows,A_Europe,yes,no,A_no,yes,no
Google,0.5271232877,WebApp,2,1,1000,1000,1000,yes,0,A_Shared,Windows,A_Europe,yes,no,A_no,yes,no
Google,0.6468493151,WebApp,2,2,1000,1000,1000,yes,0,A_Shared,Windows,A_Europe,yes,yes,A_no,no,no
Google,0.3238184932,WebApp,1,1.75,250,1000,1000,yes,0,A_Shared,Windows,A_Europe,yes,no,A_no,no,yes
Google,0.4075684932,WebApp,2,3.5,250,1000,1000,yes,0,A_Shared,Windows,A_Europe,no,no,A_no,no,yes
Google,0.5750684932,WebApp,4,7,250,1000,2000,yes,0,A_Shared,Windows,A_Europe,no,no,A_no,no,yes
Google,0.3125684932,WebApp,1,0.5,250,1000,2000,yes,0,A_Shared,Windows,A_Europe,no,no,A_no,no,yes
Google,0.3850684932,WebApp,2,1,250,1000,2000,yes,0,A_Shared,Windows,A_Europe,no,no,A_no,no,yes
Google,0.5584520548,WebApp,2,2,250,2000,2000,yes,0,A_Shared,Windows,A_Europe,no,no,A_no,no,yes
Google,0.6034520548,WebApp,2,7,250,2000,2000,yes,0,A_Shared,Windows,A_Europe,no,no,A_no,no,yes
Google,0.8024520548,WebApp,4,14,250,2000,2000,yes,0,A_Shared,Windows,A_Europe,no,no,A_no,no,yes
Google,0.6124520548,WebApp,2,8,250,2000,2000,yes,0,A_Shared,Windows,A_Europe,no,no,A_no,no,yes
Google,0.8204520548,WebApp,4,16,250,2000,2000,yes,0,A_Shared,Windows,A_Europe,no,no,A_no,no,yes
Google,1.49090411,WebApp,8,32,500,2000,2000,yes,0,A_Shared,Windows,A_Europe,no,no,A_no,yes,yes
Google,0.5797945205,WebApp,1,0.5,50,400,400,no,0,A_Shared,Windows,South America,yes,yes,A_no,yes,no
Google,0.6784246575,WebApp,2,1,50,1000,400,no,0,A_Shared,Windows,South America,yes,yes,A_no,yes,no
Google,0.6284246575,WebApp,2,2,50,1000,400,no,0,A_Shared,Windows,South America,yes,yes,A_no,yes,no
Google,0.7784246575,WebApp,4,2,50,1000,400,no,0,A_Shared,Windows,South America,yes,yes,A_no,yes,no
Google,0.3284246575,WebApp,1,0.5,50,1000,400,yes,0,A_Shared,Windows,South America,yes,yes,A_no,yes,no
Google,0.4784246575,WebApp,2,1,50,1000,400,yes,0,A_Shared,Windows,South America,yes,yes,A_no,yes,no
Google,0.6284246575,WebApp,2,2,50,1000,400,yes,0,A_Shared,Windows,South America,yes,yes,A_no,yes,no
Google,0.270989726,WebApp,1,1.75,10,1000,100,yes,0,A_Shared,Windows,South America,yes,no,A_no,yes,yes
Google,0.3733493151,WebApp,2,3.5,10,1000,400,yes,0,A_Shared,Windows,South America,no,no,A_no,yes,yes
Google,0.5698493151,WebApp,4,7,10,1000,400,yes,0,A_Shared,Windows,South America,no,no,A_no,yes,yes
Google,0.2892945205,WebApp,1,0.5,50,1000,400,yes,0,A_Shared,Windows,South America,no,no,A_no,yes,yes
Google,0.3737945205,WebApp,2,1,50,1000,400,yes,0,A_Shared,Windows,South America,no,no,A_no,yes,yes
Google,0.3847945205,WebApp,2,2,50,1000,400,yes,0,A_Shared,Windows,South America,no,no,A_no,yes,yes
Google,0.4397945205,WebApp,2,7,50,1000,400,yes,0,A_Shared,Windows,South America,no,no,A_no,yes,yes
Google,1.167945205,WebApp,4,14,50,4000,400,yes,0,A_Shared,Windows,South America,no,no,A_no,yes,yes
Google,0.9439452055,WebApp,2,8,50,4000,400,yes,0,A_Shared,Windows,South America,no,no,A_no,yes,yes
Google,1.189945205,WebApp,4,16,50,4000,400,yes,0,A_Shared,Windows,South America,no,no,A_no,yes,yes
Google,1.659,WebApp,8,32,50,4000,400,yes,0,A_Shared,Windows,South America,no,no,A_no,no,yes
Google,0.367369863,WebApp,1,0.5,500,1000,100,no,0,A_Shared,Windows,Asia,yes,yes,A_no,yes,no
Google,0.4874794521,WebApp,2,1,500,1000,400,no,0,A_Shared,Windows,Asia,yes,yes,A_no,yes,no
Google,0.6856712329,WebApp,2,2,1000,1000,400,no,0,A_Shared,Windows,Asia,yes,yes,A_no,yes,no
Google,0.8016712329,WebApp,4,2,1000,1000,400,no,0,A_Shared,Windows,Asia,yes,yes,A_no,yes,no
Google,0.4536712329,WebApp,1,0.5,1000,1000,400,yes,0,A_Shared,Windows,Asia,yes,yes,A_no,yes,no
Google,0.7340547945,WebApp,2,1,1000,2000,400,yes,0,A_Shared,Windows,Asia,yes,yes,A_no,yes,no
Google,0.8500547945,WebApp,2,2,1000,2000,400,yes,0,A_Shared,Windows,Asia,yes,yes,A_no,yes,no
Google,0.2453424658,WebApp,1,1.75,10,1000,100,yes,0,A_Shared,Windows,Asia,yes,no,A_no,yes,yes
Google,0.3193424658,WebApp,2,3.5,10,1000,100,yes,0,A_Shared,Windows,Asia,no,no,A_no,yes,yes
Google,0.4673424658,WebApp,4,7,10,1000,100,yes,0,A_Shared,Windows,Asia,no,no,A_no,yes,yes
Google,0.2353424658,WebApp,1,0.5,10,1000,100,yes,0,A_Shared,Windows,Asia,no,no,A_no,yes,yes
Google,0.2993424658,WebApp,2,1,10,1000,100,yes,0,A_Shared,Windows,Asia,no,no,A_no,yes,yes
Google,0.3073424658,WebApp,2,2,10,1000,100,yes,0,A_Shared,Windows,Asia,no,no,A_no,yes,yes
Google,0.373369863,WebApp,2,7,10,1000,2000,yes,0,A_Shared,Windows,Asia,no,no,A_no,yes,yes
Google,0.549369863,WebApp,4,14,10,1000,2000,yes,0,A_Shared,Windows,Asia,no,no,A_no,yes,yes
Google,0.8968767123,WebApp,2,8,50,4000,2000,yes,0,A_Shared,Windows,Asia,no,no,A_no,yes,yes
Google,1.080876712,WebApp,4,16,50,4000,2000,yes,0,A_Shared,Windows,Asia,no,no,A_no,yes,yes
Google,1.407506849,WebApp,8,32,50,4000,2000,yes,0,A_Shared,Windows,Asia,no,no,A_no,no,yes
Google,0.4894246575,WebApp,1,0.5,500,1000,400,no,0,A_Shared,Windows,Australia,yes,yes,A_no,yes,no
Google,0.6254246575,WebApp,2,1,500,1000,400,no,0,A_Shared,Windows,Australia,yes,yes,A_no,yes,no
Google,1.018273973,WebApp,2,2,500,2000,400,no,0,A_Shared,Windows,Australia,yes,no,A_no,yes,no
Google,1.157013699,WebApp,4,2,500,2000,600,no,0,A_Shared,Windows,Australia,yes,no,A_no,yes,no
Google,0.833260274,WebApp,1,0.5,1000,2000,600,yes,0,A_Shared,Windows,Australia,yes,no,A_no,yes,no
Google,0.8240547945,WebApp,2,1,1000,2000,600,yes,0,A_Shared,Windows,Australia,yes,no,A_no,no,no
Google,0.9600547945,WebApp,2,2,1000,2000,600,yes,0,A_Shared,Windows,Australia,yes,no,A_no,no,no
Google,0.1942945205,WebApp,1,1.75,10,400,100,yes,0,A_Shared,Windows,Australia,yes,no,A_no,yes,yes
Google,0.2827945205,WebApp,2,3.5,10,400,100,yes,0,A_Shared,Windows,Australia,no,no,A_no,yes,yes
Google,0.461260274,WebApp,4,7,10,400,100,yes,0,A_Shared,Windows,Australia,no,no,A_no,no,yes
Google,0.3394246575,WebApp,1,0.5,10,1000,100,yes,0,A_Shared,Windows,Australia,no,no,A_no,no,yes
Google,0.4154246575,WebApp,2,1,10,1000,100,yes,0,A_Shared,Windows,Australia,no,no,A_no,no,yes
Google,0.4380273973,WebApp,2,2,50,1000,100,yes,0,A_Shared,Windows,Australia,no,no,A_no,no,yes
Google,0.4880273973,WebApp,2,7,50,1000,100,yes,0,A_Shared,Windows,Australia,no,no,A_no,no,yes
Google,0.7000273973,WebApp,4,14,50,1000,400,yes,0,A_Shared,Windows,Australia,no,no,A_no,no,yes
Google,0.4980273973,WebApp,2,8,50,1000,400,yes,0,A_Shared,Windows,Australia,no,no,A_no,no,yes
Google,0.7200273973,WebApp,4,16,50,1000,400,yes,0,A_Shared,Windows,Australia,no,no,A_no,no,yes
Google,1.42430137,WebApp,8,32,50,2000,400,yes,0,A_Shared,Windows,Australia,no,no,A_no,no,yes
Google,0.7638356164,WebApp,1,0.5,10,4000,400,no,0,A_Shared,Windows,US,yes,no,A_no,yes,no
Google,0.8638356164,WebApp,2,1,10,4000,400,no,0,A_Shared,Windows,US,yes,no,A_no,yes,no
Google,0.9665753425,WebApp,2,2,10,4000,600,no,0,A_Shared,Windows,US,yes,no,A_no,yes,no
Google,1.066575342,WebApp,4,2,10,4000,600,no,0,A_Shared,Windows,US,yes,no,A_no,yes,no
Google,0.7665753425,WebApp,1,0.5,10,4000,600,yes,0,A_Shared,Windows,US,yes,no,A_no,yes,no
Google,0.8578082192,WebApp,2,1,10,4000,600,yes,0,A_Shared,Windows,US,yes,no,A_no,no,no
Google,0.9578082192,WebApp,2,2,10,4000,600,yes,0,A_Shared,Windows,US,yes,no,A_no,no,no
Google,0.8472167808,WebApp,1,1.75,250,4000,600,yes,0,A_Shared,Windows,US,yes,no,A_no,yes,yes
Google,0.9122417808,WebApp,2,3.5,250,4000,600,yes,0,A_Shared,Windows,US,no,no,A_no,yes,yes
Google,1.042291781,WebApp,4,7,250,4000,600,yes,0,A_Shared,Windows,US,no,no,A_no,yes,yes
Google,0.8438212329,WebApp,1,0.5,250,4000,1000,yes,0,A_Shared,Windows,US,no,no,A_no,yes,yes
Google,1.249286301,WebApp,2,1,1000,4000,1000,yes,0,A_Shared,Windows,US,no,no,A_no,yes,yes
Google,0.9276191781,WebApp,2,2,1000,2000,1000,yes,0,A_Shared,Windows,US,no,no,A_no,yes,yes
Google,0.9631191781,WebApp,2,7,1000,2000,1000,yes,0,A_Shared,Windows,US,no,no,A_no,yes,yes
Google,1.131717808,WebApp,4,14,1000,2000,2000,yes,0,A_Shared,Windows,US,no,no,A_no,yes,yes
Google,0.9839178082,WebApp,2,8,1000,2000,2000,yes,0,A_Shared,Windows,US,no,no,A_no,yes,yes
Google,1.145917808,WebApp,4,16,1000,2000,2000,yes,0,A_Shared,Windows,US,no,no,A_no,yes,yes
Google,1.469917808,WebApp,8,32,1000,2000,2000,yes,0,A_Shared,Windows,US,no,no,A_no,yes,yes
Google,0.4930136986,WebApp,1,0.5,1000,2000,2000,no,0,A_Shared,Windows,A_Europe,yes,no,A_no,no,no
Google,0.6230136986,WebApp,2,1,1000,2000,2000,no,0,A_Shared,Windows,A_Europe,yes,no,A_no,no,no
Google,0.7530136986,WebApp,2,2,1000,2000,2000,no,0,A_Shared,Windows,A_Europe,yes,no,A_no,no,no
Google,0.8830136986,WebApp,4,2,1000,2000,100,no,0,A_Shared,Windows,A_Europe,yes,no,A_no,no,no
Google,0.4930136986,WebApp,1,0.5,1000,2000,100,yes,0,A_Shared,Windows,A_Europe,yes,no,A_no,no,no
Google,0.6230136986,WebApp,2,1,1000,2000,100,yes,0,A_Shared,Windows,A_Europe,yes,no,A_no,no,no
Google,0.7530136986,WebApp,2,2,1000,2000,100,yes,0,A_Shared,Windows,A_Europe,yes,no,A_no,no,no
Google,0.7166267123,WebApp,1,1.75,500,2000,100,yes,0,A_Shared,Windows,A_Europe,yes,no,A_no,yes,yes
Google,1.129143836,WebApp,2,3.5,500,4000,100,yes,0,A_Shared,Windows,A_Europe,no,no,A_no,yes,yes
Google,1.296643836,WebApp,4,7,500,4000,100,yes,0,A_Shared,Windows,A_Europe,no,no,A_no,yes,yes
Google,1.034143836,WebApp,1,0.5,500,4000,100,yes,0,A_Shared,Windows,A_Europe,no,no,A_no,yes,yes
Google,1.106643836,WebApp,2,1,500,4000,100,yes,0,A_Shared,Windows,A_Europe,no,no,A_no,yes,yes
Google,1.115643836,WebApp,2,2,500,4000,100,yes,0,A_Shared,Windows,A_Europe,no,no,A_no,yes,yes
Google,1.160643836,WebApp,2,7,500,4000,100,yes,0,A_Shared,Windows,A_Europe,no,no,A_no,yes,yes
Google,1.20690411,WebApp,4,14,500,4000,100,yes,0,A_Shared,Windows,A_Europe,no,no,A_no,no,yes
Google,1.01690411,WebApp,2,8,500,4000,100,yes,0,A_Shared,Windows,A_Europe,no,no,A_no,no,yes
Google,1.22490411,WebApp,4,16,500,4000,400,yes,0,A_Shared,Windows,A_Europe,no,no,A_no,no,yes
Google,1.64090411,WebApp,8,32,500,4000,400,yes,0,A_Shared,Windows,A_Europe,no,no,A_no,no,yes
Google,0.677739726,WebApp,1,0.5,50,1000,600,no,0,A_Shared,Windows,South America,yes,no,A_no,yes,no
Google,0.6811643836,WebApp,2,1,50,1000,600,no,0,A_Shared,Windows,South America,yes,yes,A_no,yes,no
Google,0.6297945205,WebApp,2,2,250,1000,600,no,0,A_Shared,Windows,South America,yes,yes,A_no,no,no
Google,0.7797945205,WebApp,4,2,250,1000,600,no,0,A_Shared,Windows,South America,yes,yes,A_no,no,no
Google,0.3297945205,WebApp,1,0.5,250,1000,2000,yes,0,A_Shared,Windows,South America,yes,yes,A_no,no,no
Google,0.6441780822,WebApp,2,1,250,2000,2000,yes,0,A_Shared,Windows,South America,yes,yes,A_no,no,no
Google,0.7941780822,WebApp,2,2,250,2000,2000,yes,0,A_Shared,Windows,South America,yes,yes,A_no,no,no
Google,0.77325,WebApp,1,1.75,50,4000,400,yes,0,A_Shared,Windows,South America,yes,no,A_no,no,yes
Google,0.8715,WebApp,2,3.5,50,4000,400,yes,0,A_Shared,Windows,South America,no,no,A_no,no,yes
Google,1.068,WebApp,4,7,50,4000,400,yes,0,A_Shared,Windows,South America,no,no,A_no,no,yes
Google,0.7595,WebApp,1,0.5,50,4000,400,yes,0,A_Shared,Windows,South America,no,no,A_no,no,yes
Google,0.5152328767,WebApp,2,1,50,2000,600,yes,0,A_Shared,Windows,South America,no,no,A_no,no,yes
Google,0.5262328767,WebApp,2,2,50,2000,600,yes,0,A_Shared,Windows,South America,no,no,A_no,no,yes
Google,0.5812328767,WebApp,2,7,50,2000,600,yes,0,A_Shared,Windows,South America,no,no,A_no,no,yes
Google,0.8860958904,WebApp,4,14,250,2000,600,yes,0,A_Shared,Windows,South America,no,no,A_no,no,yes
Google,0.6620958904,WebApp,2,8,250,2000,600,yes,0,A_Shared,Windows,South America,no,no,A_no,no,yes
Google,0.9080958904,WebApp,4,16,250,2000,600,yes,0,A_Shared,Windows,South America,no,no,A_no,no,yes
Google,1.40009589,WebApp,8,32,250,2000,600,yes,0,A_Shared,Windows,South America,no,no,A_no,no,yes
Google,0.4755890411,WebApp,1,0.5,1000,2000,400,no,0,A_Shared,Windows,Asia,yes,yes,A_no,no,no
Google,0.5915890411,WebApp,2,1,1000,2000,400,no,0,A_Shared,Windows,Asia,yes,yes,A_no,no,no
Google,0.7075890411,WebApp,2,2,1000,2000,600,no,0,A_Shared,Windows,Asia,yes,yes,A_no,no,no
Google,1.152356164,WebApp,4,2,1000,4000,600,no,0,A_Shared,Windows,Asia,yes,yes,A_no,no,no
Google,0.8043561644,WebApp,1,0.5,1000,4000,600,yes,0,A_Shared,Windows,Asia,yes,yes,A_no,no,no
Google,0.9169315068,WebApp,2,1,1000,4000,600,yes,0,A_Shared,Windows,Asia,yes,no,A_no,no,no
Google,1.032931507,WebApp,2,2,1000,4000,600,yes,0,A_Shared,Windows,Asia,yes,no,A_no,no,no
Google,0.7455068493,WebApp,1,1.75,50,4000,2000,yes,0,A_Shared,Windows,Asia,yes,no,A_no,no,yes
Google,0.8195068493,WebApp,2,3.5,50,4000,2000,yes,0,A_Shared,Windows,Asia,no,no,A_no,no,yes
Google,0.9675068493,WebApp,4,7,50,4000,2000,yes,0,A_Shared,Windows,Asia,no,no,A_no,no,yes
Google,0.7355068493,WebApp,1,0.5,50,4000,2000,yes,0,A_Shared,Windows,Asia,no,no,A_no,no,yes
Google,0.8408767123,WebApp,2,1,50,4000,2000,yes,0,A_Shared,Windows,Asia,no,no,A_no,yes,yes
Google,0.8351780822,WebApp,2,2,50,4000,1000,yes,0,A_Shared,Windows,Asia,no,no,A_no,yes,yes
Google,0.5464109589,WebApp,2,7,50,2000,1000,yes,0,A_Shared,Windows,Asia,no,no,A_no,yes,yes
Google,0.7224109589,WebApp,4,14,50,2000,1000,yes,0,A_Shared,Windows,Asia,no,no,A_no,yes,yes
Google,0.5544109589,WebApp,2,8,50,2000,1000,yes,0,A_Shared,Windows,Asia,no,no,A_no,yes,yes
Google,0.7384109589,WebApp,4,16,50,2000,1000,yes,0,A_Shared,Windows,Asia,no,no,A_no,yes,yes
Google,1.106410959,WebApp,8,32,50,2000,1000,yes,0,A_Shared,Windows,Asia,no,no,A_no,yes,yes
Google,0.6880547945,WebApp,1,0.5,1000,2000,600,no,0,A_Shared,Windows,Australia,yes,no,A_no,no,no
Google,1.34460274,WebApp,2,1,1000,4000,600,no,0,A_Shared,Windows,Australia,yes,no,A_no,no,no
Google,1.484027397,WebApp,2,2,1000,4000,1000,no,0,A_Shared,Windows,Australia,yes,yes,A_no,no,no
Google,1.620027397,WebApp,4,2,1000,4000,1000,no,0,A_Shared,Windows,Australia,yes,yes,A_no,no,no
Google,1.212027397,WebApp,1,0.5,1000,4000,1000,yes,0,A_Shared,Windows,Australia,yes,yes,A_no,no,no
Google,1.348027397,WebApp,2,1,1000,4000,1000,yes,0,A_Shared,Windows,Australia,yes,yes,A_no,no,no
Google,1.484027397,WebApp,2,2,1000,4000,1000,yes,0,A_Shared,Windows,Australia,yes,yes,A_no,no,no
Google,0.6878150685,WebApp,1,1.75,250,2000,400,yes,0,A_Shared,Windows,Australia,yes,no,A_no,no,yes
Google,0.7763150685,WebApp,2,3.5,250,2000,400,yes,0,A_Shared,Windows,Australia,no,no,A_no,no,yes
Google,0.8879041096,WebApp,4,7,250,2000,400,yes,0,A_Shared,Windows,Australia,no,no,A_no,yes,yes
Google,0.6099041096,WebApp,1,0.5,250,2000,400,yes,0,A_Shared,Windows,Australia,no,no,A_no,yes,yes
Google,0.6886438356,WebApp,2,1,250,2000,600,yes,0,A_Shared,Windows,Australia,no,no,A_no,yes,yes
Google,0.7065205479,WebApp,2,2,500,2000,600,yes,0,A_Shared,Windows,Australia,no,no,A_no,yes,yes
Google,1.277068493,WebApp,2,7,500,4000,600,yes,0,A_Shared,Windows,Australia,no,no,A_no,yes,yes
Google,1.494547945,WebApp,4,14,500,4000,1000,yes,0,A_Shared,Windows,Australia,no,no,A_no,yes,yes
Google,1.292547945,WebApp,2,8,500,4000,1000,yes,0,A_Shared,Windows,Australia,no,no,A_no,yes,yes
Google,1.514547945,WebApp,4,16,500,4000,1000,yes,0,A_Shared,Windows,Australia,no,no,A_no,yes,yes
Google,1.958547945,WebApp,8,32,500,4000,1000,yes,0,A_Shared,Windows,Australia,no,no,A_no,yes,yes
Amazon,0.05879863014,WebApp,1,0.5,10,400,100,yes,0,A_Shared,Windows,US,yes,yes,A_no,no,no
Amazon,0.08269863014,WebApp,1,2,10,400,100,yes,0,A_Shared,Windows,US,yes,yes,A_no,no,no
Amazon,0.1106986301,WebApp,2,4,10,400,100,yes,0,A_Shared,Windows,US,yes,yes,A_no,no,no
Amazon,0.07029863014,WebApp,2,1,10,400,100,yes,0,A_Shared,Windows,US,yes,yes,A_no,no,no
Amazon,0.08989863014,WebApp,2,2,10,400,100,yes,0,A_Shared,Windows,US,yes,yes,A_no,no,no
Amazon,0.1628684932,WebApp,2,8,10,400,100,yes,0,A_Shared,Windows,US,yes,yes,A_no,yes,no
Amazon,0.4350684932,WebApp,4,7,10,400,100,yes,0,A_Shared,Windows,US,yes,yes,A_no,yes,no
Amazon,0.4880684932,WebApp,4,32,10,400,100,yes,0,A_Shared,Windows,US,yes,yes,A_no,yes,no
Amazon,0.4074931507,WebApp,4,8,50,400,100,yes,0,A_Shared,Windows,US,yes,yes,A_no,yes,no
Amazon,0.2976027397,WebApp,4,16,50,400,400,yes,0,A_Shared,Windows,US,yes,yes,A_no,yes,no
Amazon,0.5376027397,WebApp,8,32,50,400,400,yes,0,A_Shared,Windows,US,yes,yes,A_no,yes,no
Amazon,0.06400273973,WebApp,1,0.5,50,400,400,yes,1,A_Shared,Windows,US,yes,yes,A_no,yes,no
Amazon,0.08227534247,WebApp,1,2,50,400,400,yes,1,A_Shared,Windows,US,yes,no,A_no,yes,no
Amazon,0.1049753425,WebApp,2,4,50,400,400,yes,1,A_Shared,Windows,US,yes,no,A_no,yes,no
Amazon,0.1472479452,WebApp,2,1,50,1000,400,yes,1,A_Shared,Windows,US,yes,no,A_no,yes,no
Amazon,0.1639479452,WebApp,2,2,50,1000,400,yes,1,A_Shared,Windows,US,yes,no,A_no,yes,no
Amazon,0.2181479452,WebApp,2,8,50,1000,400,yes,1,A_Shared,Windows,US,yes,no,A_no,yes,no
Amazon,0.4595479452,WebApp,4,7,50,1000,400,yes,1,A_Shared,Windows,US,yes,no,A_no,yes,no
Amazon,0.4856712329,WebApp,4,32,250,1000,400,yes,1,A_Shared,Windows,US,yes,no,A_no,yes,no
Amazon,0.4446712329,WebApp,4,8,250,1000,400,yes,1,A_Shared,Windows,US,yes,no,A_no,yes,no
Amazon,0.3257917808,WebApp,4,16,250,1000,400,yes,1,A_Shared,Windows,US,yes,no,A_no,no,no
Amazon,0.5192917808,WebApp,8,32,250,1000,400,yes,1,A_Shared,Windows,US,yes,no,A_no,no,no
Amazon,0.1373917808,WebApp,1,0.5,250,1000,400,yes,3,A_Shared,Windows,US,yes,no,A_no,no,no
Amazon,0.1528917808,WebApp,1,2,250,1000,400,yes,3,A_Shared,Windows,US,yes,no,A_no,no,no
Amazon,0.1711917808,WebApp,2,4,250,1000,600,yes,3,A_Shared,Windows,US,yes,no,A_no,no,no
Amazon,0.1465917808,WebApp,2,1,250,1000,600,yes,3,A_Shared,Windows,US,yes,no,A_no,no,no
Amazon,0.1608917808,WebApp,2,2,250,1000,600,yes,3,A_Shared,Windows,US,yes,no,A_no,no,no
Amazon,0.2010917808,WebApp,2,8,250,1000,600,yes,3,A_Shared,Windows,US,yes,no,A_no,no,no
Amazon,0.7880547945,WebApp,4,7,250,4000,600,yes,3,A_Shared,Windows,US,yes,no,A_no,no,no
Amazon,0.8040547945,WebApp,4,32,250,4000,600,yes,3,A_Shared,Windows,US,yes,no,A_no,no,no
Amazon,0.7680547945,WebApp,4,8,250,4000,600,yes,3,A_Shared,Windows,US,yes,no,A_no,no,no
Amazon,0.6764054795,WebApp,4,16,500,4000,600,yes,3,A_Shared,Windows,US,yes,yes,A_no,yes,no
Amazon,0.8326054795,WebApp,8,32,500,4000,600,yes,3,A_Shared,Windows,US,yes,yes,A_no,yes,no
Amazon,0.5260054795,WebApp,1,0.5,500,4000,600,yes,0,A_Shared,A_Linux,US,yes,yes,A_no,yes,no
Amazon,0.5432054795,WebApp,1,2,500,4000,600,yes,0,A_Shared,A_Linux,US,yes,yes,A_no,yes,no
Amazon,0.5618054795,WebApp,2,4,500,4000,600,yes,0,A_Shared,A_Linux,US,yes,yes,A_no,yes,no
Amazon,0.5306054795,WebApp,2,1,500,4000,600,yes,0,A_Shared,A_Linux,US,yes,yes,A_no,yes,no
Amazon,0.5410054795,WebApp,2,2,500,4000,600,yes,0,A_Shared,A_Linux,US,yes,yes,A_no,yes,no
Amazon,0.6034054795,WebApp,2,8,500,4000,600,yes,0,A_Shared,A_Linux,US,yes,yes,A_no,yes,no
Amazon,0.7192054795,WebApp,4,7,500,4000,600,yes,0,A_Shared,A_Linux,US,yes,yes,A_no,yes,no
Amazon,0.7516849315,WebApp,4,32,500,4000,1000,yes,0,A_Shared,A_Linux,US,yes,yes,A_no,yes,no
Amazon,0.7134931507,WebApp,4,8,1000,4000,1000,yes,0,A_Shared,A_Linux,US,yes,yes,A_no,yes,no
Amazon,0.7098931507,WebApp,4,16,1000,4000,1000,yes,0,A_Shared,A_Linux,US,yes,yes,A_no,yes,no
Amazon,0.8762931507,WebApp,8,32,1000,4000,1000,yes,0,A_Shared,A_Linux,US,yes,yes,A_no,yes,no
Amazon,0.5475931507,WebApp,1,0.5,1000,4000,1000,yes,1,A_Shared,A_Linux,US,yes,yes,A_no,yes,no
Amazon,0.3134178082,WebApp,1,2,1000,2000,1000,yes,1,A_Shared,A_Linux,US,yes,yes,A_no,yes,no
Amazon,0.3269178082,WebApp,2,4,1000,2000,1000,yes,1,A_Shared,A_Linux,US,yes,yes,A_no,yes,no
Amazon,0.2907191781,WebApp,2,1,1000,2000,1000,yes,1,A_Shared,A_Linux,US,yes,yes,A_no,no,no
Amazon,0.2971917808,WebApp,2,2,1000,2000,1000,yes,1,A_Shared,A_Linux,US,yes,no,A_no,no,no
Amazon,0.3471917808,WebApp,2,8,1000,2000,1000,yes,1,dedicated,A_Linux,US,yes,no,A_no,no,no
Amazon,0.4411917808,WebApp,4,7,1000,2000,1000,yes,1,dedicated,A_Linux,US,yes,no,A_no,no,no
Amazon,0.4601917808,WebApp,4,32,1000,2000,1000,yes,1,dedicated,A_Linux,US,yes,no,A_no,no,no
Amazon,0.4151917808,WebApp,4,8,1000,2000,1000,yes,1,dedicated,A_Linux,US,yes,no,A_no,no,no
Amazon,0.4120917808,WebApp,4,16,1000,2000,1000,yes,1,dedicated,A_Linux,US,yes,no,A_no,no,no
Amazon,0.5419917808,WebApp,8,32,1000,2000,1000,yes,1,dedicated,A_Linux,US,yes,no,A_no,no,no
Amazon,0.2498315068,WebApp,1,0.5,10,2000,1000,yes,3,A_Shared,A_Linux,US,yes,no,A_no,no,no
Amazon,0.272130137,WebApp,1,2,10,2000,1000,yes,3,A_Shared,A_Linux,US,yes,no,A_no,yes,no
Amazon,0.281230137,WebApp,2,4,10,2000,1000,yes,3,A_Shared,A_Linux,US,yes,no,A_no,yes,no
Amazon,0.1562410959,WebApp,2,1,10,1000,2000,yes,3,A_Shared,A_Linux,US,yes,no,A_no,yes,no
Amazon,0.1613410959,WebApp,2,2,10,1000,2000,yes,3,A_Shared,A_Linux,US,yes,no,A_no,yes,no
Amazon,0.1973410959,WebApp,2,8,10,1000,2000,yes,3,dedicated,A_Linux,US,yes,no,A_no,yes,no
Amazon,0.2630410959,WebApp,4,7,10,1000,2000,yes,3,dedicated,A_Linux,US,yes,no,A_no,yes,no
Amazon,0.2820410959,WebApp,4,32,10,1000,2000,yes,3,dedicated,A_Linux,US,yes,no,A_no,yes,no
Amazon,0.2430410959,WebApp,4,8,10,1000,2000,yes,3,dedicated,A_Linux,US,yes,no,A_no,yes,no
Amazon,0.2435410959,WebApp,4,16,10,1000,2000,yes,3,dedicated,A_Linux,US,yes,no,A_no,yes,no
Amazon,0.3360410959,WebApp,8,32,10,1000,2000,yes,3,dedicated,A_Linux,US,yes,no,A_no,yes,no
Amazon,0.07560958904,WebApp,1,0.5,250,1000,2000,yes,0,A_Shared,Windows,A_Europe,yes,no,A_no,yes,no
Amazon,0.102609589,WebApp,1,2,250,1000,2000,yes,0,A_Shared,Windows,A_Europe,yes,no,A_no,yes,no
Amazon,0.133009589,WebApp,2,4,250,1000,2000,yes,0,A_Shared,Windows,A_Europe,yes,no,A_no,yes,no
Amazon,0.06041232877,WebApp,2,1,250,1000,100,yes,0,A_Shared,Windows,A_Europe,yes,no,A_no,no,no
Amazon,0.08161232877,WebApp,2,2,250,1000,100,yes,0,A_Shared,Windows,A_Europe,yes,no,A_no,no,no
Amazon,0.170439726,WebApp,2,8,250,400,100,yes,0,dedicated,Windows,A_Europe,yes,yes,A_no,no,no
Amazon,0.474239726,WebApp,4,7,250,400,100,yes,0,dedicated,Windows,A_Europe,yes,yes,A_no,no,no
Amazon,0.514239726,WebApp,4,32,250,400,100,yes,0,dedicated,Windows,A_Europe,yes,yes,A_no,no,no
Amazon,0.431239726,WebApp,4,8,250,400,100,yes,0,dedicated,Windows,A_Europe,yes,yes,A_no,no,no
Amazon,0.319039726,WebApp,4,16,250,400,100,yes,0,dedicated,Windows,A_Europe,yes,yes,A_no,no,no
Amazon,0.5601958904,WebApp,8,32,10,400,100,yes,0,dedicated,Windows,A_Europe,yes,yes,A_no,no,no
Amazon,0.01039589041,WebApp,1,0.5,10,400,100,yes,1,A_Shared,Windows,A_Europe,yes,yes,A_no,no,no
Amazon,0.03379589041,WebApp,1,2,10,400,100,yes,1,A_Shared,Windows,A_Europe,yes,yes,A_no,no,no
Amazon,0.06079589041,WebApp,2,4,10,400,100,yes,1,A_Shared,Windows,A_Europe,yes,yes,A_no,no,no
Amazon,0.02179589041,WebApp,2,1,10,400,100,yes,1,A_Shared,Windows,A_Europe,yes,yes,A_no,no,no
Amazon,0.04226575342,WebApp,2,2,10,400,100,yes,1,A_Shared,Windows,A_Europe,yes,yes,A_no,yes,no
Amazon,0.1921315068,WebApp,2,8,500,400,400,yes,1,A_Shared,Windows,A_Europe,yes,yes,A_no,yes,no
Amazon,0.4499315068,WebApp,4,7,500,400,400,yes,1,A_Shared,Windows,A_Europe,yes,yes,A_no,yes,no
Amazon,0.4669315068,WebApp,4,32,500,400,400,yes,1,A_Shared,Windows,A_Europe,yes,yes,A_no,yes,no
Amazon,0.4229315068,WebApp,4,8,500,4000,400,yes,1,A_Shared,Windows,A_Europe,yes,yes,A_no,yes,no
Amazon,0.3177315068,WebApp,4,16,500,4000,400,yes,1,A_Shared,Windows,A_Europe,yes,yes,A_no,yes,no
Amazon,0.5506315068,WebApp,8,32,500,4000,400,yes,1,A_Shared,Windows,A_Europe,yes,yes,A_no,yes,no
Amazon,0.09113150685,WebApp,1,0.5,500,4000,400,yes,3,A_Shared,Windows,A_Europe,yes,yes,A_no,yes,no
Amazon,0.1089041096,WebApp,1,2,500,4000,400,yes,3,A_Shared,Windows,A_Europe,yes,no,A_no,yes,no
Amazon,0.1305041096,WebApp,2,4,500,4000,400,yes,3,A_Shared,Windows,A_Europe,yes,no,A_no,yes,no
Amazon,0.1002041096,WebApp,2,1,500,4000,400,yes,3,A_Shared,Windows,A_Europe,yes,no,A_no,yes,no
Amazon,0.1109246575,WebApp,2,2,500,4000,400,yes,3,A_Shared,Windows,A_Europe,yes,no,A_no,no,no
Amazon,0.1625246575,WebApp,2,8,500,4000,400,yes,3,A_Shared,Windows,A_Europe,yes,no,A_no,no,no
Amazon,0.4014246575,WebApp,4,7,500,4000,600,yes,3,A_Shared,Windows,A_Europe,yes,no,A_no,no,no
Amazon,0.4054246575,WebApp,4,32,500,4000,600,yes,3,A_Shared,Windows,A_Europe,yes,no,A_no,no,no
Amazon,0.3734246575,WebApp,4,8,500,4000,600,yes,3,A_Shared,Windows,A_Europe,yes,no,A_no,no,no
Amazon,0.2649246575,WebApp,4,16,500,4000,600,yes,3,A_Shared,Windows,A_Europe,yes,no,A_no,no,no
Amazon,0.3746684932,WebApp,8,32,10,4000,600,yes,3,A_Shared,Windows,A_Europe,yes,no,A_no,no,no
Amazon,0.6733958904,WebApp,1,0.5,10,4000,600,yes,0,A_Shared,A_Linux,Asia,yes,no,A_no,yes,no
Amazon,0.6952958904,WebApp,1,2,10,4000,600,yes,0,A_Shared,A_Linux,Asia,yes,no,A_no,yes,no
Amazon,0.2271150685,WebApp,2,4,50,1000,600,yes,0,A_Shared,A_Linux,Asia,yes,no,A_no,yes,no
Amazon,0.1875150685,WebApp,2,1,50,1000,600,yes,0,A_Shared,A_Linux,Asia,yes,no,A_no,yes,no
Amazon,0.2007150685,WebApp,2,2,50,1000,600,yes,0,A_Shared,A_Linux,Asia,yes,no,A_no,yes,no
Amazon,0.2862150685,WebApp,2,8,50,1000,600,yes,0,dedicated,A_Linux,Asia,yes,no,A_no,yes,no
Amazon,0.4586849315,WebApp,4,7,50,400,600,yes,0,dedicated,A_Linux,Asia,yes,no,A_no,yes,no
Amazon,0.3636849315,WebApp,4,32,50,400,600,yes,0,dedicated,A_Linux,Asia,yes,no,A_no,yes,no
Amazon,0.2846849315,WebApp,4,8,50,400,600,yes,0,dedicated,A_Linux,Asia,yes,no,A_no,yes,no
Amazon,0.2994849315,WebApp,4,16,50,400,600,yes,0,dedicated,A_Linux,Asia,yes,no,A_no,yes,no
Amazon,0.5233849315,WebApp,8,32,50,400,600,yes,0,dedicated,A_Linux,Asia,yes,no,A_no,yes,no
Amazon,0.08088493151,WebApp,1,0.5,50,400,600,yes,1,A_Shared,A_Linux,Asia,yes,no,A_no,yes,no
Amazon,0.1952150685,WebApp,1,2,50,1000,600,yes,1,A_Shared,A_Linux,Asia,yes,no,A_no,yes,no
Amazon,0.2121726027,WebApp,2,4,10,1000,600,yes,1,A_Shared,A_Linux,Asia,yes,yes,A_no,yes,no
Amazon,0.1834726027,WebApp,2,1,10,1000,600,yes,1,A_Shared,A_Linux,Asia,yes,yes,A_no,no,no
Amazon,0.1930726027,WebApp,2,2,10,1000,600,yes,1,A_Shared,A_Linux,Asia,yes,yes,A_no,no,no
Amazon,0.2566726027,WebApp,2,8,10,1000,600,yes,1,dedicated,A_Linux,Asia,yes,yes,A_no,no,no
Amazon,0.3784520548,WebApp,4,7,10,1000,1000,yes,1,dedicated,A_Linux,Asia,yes,yes,A_no,no,no
Amazon,0.3934520548,WebApp,4,32,10,1000,1000,yes,1,dedicated,A_Linux,Asia,yes,yes,A_no,no,no
Amazon,0.3434520548,WebApp,4,8,10,1000,1000,yes,1,dedicated,A_Linux,Asia,yes,yes,A_no,no,no
Amazon,0.3787561644,WebApp,4,16,1000,1000,1000,yes,1,dedicated,A_Linux,Asia,yes,yes,A_no,no,no
Amazon,0.5441561644,WebApp,8,32,1000,1000,1000,yes,1,dedicated,A_Linux,Asia,yes,yes,A_no,no,no
Amazon,0.2169561644,WebApp,1,0.5,1000,1000,1000,yes,3,A_Shared,A_Linux,Asia,yes,yes,A_no,no,no
Amazon,0.2275561644,WebApp,1,2,1000,1000,1000,yes,3,A_Shared,A_Linux,Asia,yes,yes,A_no,no,no
Amazon,0.2390561644,WebApp,2,4,1000,1000,1000,yes,3,A_Shared,A_Linux,Asia,yes,yes,A_no,no,no
Amazon,0.2197561644,WebApp,2,1,1000,1000,1000,yes,3,A_Shared,A_Linux,Asia,yes,yes,A_no,no,no
Amazon,0.2262561644,WebApp,2,2,1000,1000,1000,yes,3,A_Shared,A_Linux,Asia,yes,yes,A_no,no,no
Amazon,0.1662260274,WebApp,2,8,1000,400,1000,yes,3,A_Shared,A_Linux,Asia,yes,yes,A_no,no,no
Amazon,0.2111917808,WebApp,4,7,50,400,1000,yes,3,A_Shared,A_Linux,Asia,yes,yes,A_no,no,no
Amazon,0.2241917808,WebApp,4,32,50,400,1000,yes,3,A_Shared,A_Linux,Asia,yes,yes,A_no,no,no
Amazon,0.1831917808,WebApp,4,8,50,400,1000,yes,3,A_Shared,A_Linux,Asia,yes,yes,A_no,no,no
Amazon,0.1841643836,WebApp,4,16,50,400,1000,yes,3,A_Shared,A_Linux,Asia,yes,no,A_no,no,no
Amazon,0.2871643836,WebApp,8,32,50,400,1000,yes,3,A_Shared,A_Linux,Asia,yes,no,A_no,no,no
Amazon,0.09656575342,WebApp,1,0.5,50,400,1000,yes,0,A_Shared,Windows,South America,yes,no,A_no,no,no
Amazon,0.1313657534,WebApp,1,2,50,400,1000,yes,0,A_Shared,Windows,South America,yes,no,A_no,no,no
Amazon,0.1705657534,WebApp,2,4,50,400,1000,yes,0,A_Shared,Windows,South America,yes,no,A_no,no,no
Amazon,0.4397328767,WebApp,2,1,50,2000,1000,yes,0,A_Shared,Windows,South America,yes,no,A_no,no,no
Amazon,0.4772123288,WebApp,2,2,10,2000,1000,yes,0,A_Shared,Windows,South America,yes,no,A_no,yes,no
Amazon,0.5946123288,WebApp,2,8,10,2000,1000,yes,0,dedicated,Windows,South America,yes,no,A_no,yes,no
Amazon,0.9492123288,WebApp,4,7,10,2000,1000,yes,0,dedicated,Windows,South America,yes,no,A_no,yes,no
Amazon,1.006910959,WebApp,4,32,10,2000,2000,yes,0,dedicated,Windows,South America,yes,no,A_no,yes,no
Amazon,0.9162260274,WebApp,4,8,250,2000,2000,yes,0,dedicated,Windows,South America,yes,no,A_no,yes,no
Amazon,0.8093260274,WebApp,4,16,250,2000,2000,yes,0,dedicated,Windows,South America,yes,no,A_no,yes,no
Amazon,1.166426027,WebApp,8,32,250,2000,2000,yes,0,dedicated,Windows,South America,yes,no,A_no,yes,no
Amazon,0.4606260274,WebApp,1,0.5,250,2000,2000,yes,1,A_Shared,Windows,South America,yes,no,A_no,yes,no
Amazon,0.4583287671,WebApp,1,2,250,2000,2000,yes,1,A_Shared,Windows,South America,yes,no,A_no,no,no
Amazon,0.4876287671,WebApp,2,4,250,2000,2000,yes,1,A_Shared,Windows,South America,yes,no,A_no,no,no
Amazon,0.4451287671,WebApp,2,1,250,2000,2000,yes,1,A_Shared,Windows,South America,yes,no,A_no,no,no
Amazon,0.4521136986,WebApp,2,2,10,2000,2000,yes,1,A_Shared,Windows,South America,yes,no,A_no,no,no
Amazon,0.5352136986,WebApp,2,8,10,2000,2000,yes,1,dedicated,Windows,South America,yes,no,A_no,no,no
Amazon,0.8745136986,WebApp,4,7,10,2000,2000,yes,1,dedicated,Windows,South America,yes,no,A_no,no,no
Amazon,0.8805410959,WebApp,4,32,10,2000,2000,yes,1,dedicated,Windows,South America,yes,yes,A_no,no,no
Amazon,0.8275410959,WebApp,4,8,10,2000,2000,yes,1,dedicated,Windows,South America,yes,yes,A_no,no,no
Amazon,0.6783410959,WebApp,4,16,10,2000,2000,yes,1,dedicated,Windows,South America,yes,yes,A_no,no,no
Amazon,0.9714260274,WebApp,8,32,500,2000,2000,yes,1,dedicated,Windows,South America,yes,yes,A_no,no,no
Amazon,0.4466260274,WebApp,1,0.5,500,2000,2000,yes,3,A_Shared,Windows,South America,yes,yes,A_no,no,no
Amazon,0.4675260274,WebApp,1,2,500,2000,2000,yes,3,A_Shared,Windows,South America,yes,yes,A_no,no,no
Amazon,0.1903561644,WebApp,2,4,500,400,2000,yes,3,A_Shared,Windows,South America,yes,yes,A_no,yes,no
Amazon,0.1299287671,WebApp,2,1,500,400,100,yes,3,A_Shared,Windows,South America,yes,yes,A_no,yes,no
Amazon,0.1475287671,WebApp,2,2,500,400,100,yes,3,A_Shared,Windows,South America,yes,yes,A_no,yes,no
Amazon,0.2070287671,WebApp,2,8,500,400,100,yes,3,A_Shared,Windows,South America,yes,yes,A_no,yes,no
Amazon,0.4753287671,WebApp,4,7,500,400,100,yes,3,A_Shared,Windows,South America,yes,yes,A_no,yes,no
Amazon,0.5300684932,WebApp,4,32,1000,400,100,yes,3,A_Shared,Windows,South America,yes,yes,A_no,yes,no
Amazon,0.4650684932,WebApp,4,8,1000,400,100,yes,3,A_Shared,Windows,South America,yes,yes,A_no,yes,no
Amazon,0.3479684932,WebApp,4,16,1000,400,100,yes,3,A_Shared,Windows,South America,yes,yes,A_no,yes,no
Amazon,0.5558684932,WebApp,8,32,1000,400,100,yes,3,A_Shared,Windows,South America,yes,yes,A_no,yes,no
Amazon,0.1785150685,WebApp,2,4,1000,400,100,yes,0,A_Shared,A_Linux,Africa,yes,yes,A_no,yes,no
Amazon,0.1379150685,WebApp,2,1,1000,400,100,yes,0,A_Shared,A_Linux,Africa,yes,yes,A_no,yes,no
Amazon,0.1514150685,WebApp,2,2,1000,400,100,yes,0,A_Shared,A_Linux,Africa,yes,yes,A_no,yes,no
Amazon,0.2369246575,WebApp,2,8,1000,400,400,yes,0,A_Shared,A_Linux,Africa,yes,yes,A_no,yes,no
Amazon,0.5059452055,WebApp,4,7,1000,400,400,yes,0,A_Shared,A_Linux,Africa,yes,yes,A_no,no,no
Amazon,0.5579178082,WebApp,4,32,1000,400,400,yes,0,A_Shared,A_Linux,Africa,yes,no,A_no,no,no
Amazon,0.3499178082,WebApp,4,8,1000,400,400,yes,0,A_Shared,A_Linux,Africa,yes,no,A_no,no,no
Amazon,0.3389178082,WebApp,4,16,1000,400,400,yes,0,A_Shared,A_Linux,Africa,yes,no,A_no,no,no
Amazon,0.5558178082,WebApp,8,32,1000,400,400,yes,0,A_Shared,A_Linux,Africa,yes,no,A_no,no,no
Amazon,0.1283178082,WebApp,1,0.5,1000,400,400,yes,1,A_Shared,A_Linux,Africa,yes,no,A_no,no,no
Amazon,0.1476178082,WebApp,1,2,1000,400,400,yes,1,A_Shared,A_Linux,Africa,yes,no,A_no,no,no
Amazon,0.2687424658,WebApp,2,4,250,1000,400,yes,1,A_Shared,A_Linux,Africa,yes,no,A_no,no,no
Amazon,0.2370424658,WebApp,2,1,250,1000,400,yes,1,A_Shared,A_Linux,Africa,yes,no,A_no,no,no
Amazon,0.2159246575,WebApp,2,2,250,1000,400,yes,1,A_Shared,Windows,Asia,yes,no,A_no,no,no
Amazon,0.2887246575,WebApp,2,8,250,1000,400,yes,1,dedicated,Windows,Asia,yes,no,A_no,no,no
Amazon,0.5641643836,WebApp,4,7,250,1000,600,yes,1,dedicated,Windows,Asia,yes,no,A_no,no,no
Amazon,0.5709452055,WebApp,4,32,250,1000,600,yes,1,dedicated,Windows,Asia,yes,no,A_no,yes,no
Amazon,0.5219726027,WebApp,4,8,250,1000,600,yes,1,dedicated,Windows,Asia,yes,yes,A_no,yes,no
Amazon,0.4129726027,WebApp,4,16,250,1000,600,yes,1,dedicated,Windows,Asia,yes,yes,A_no,yes,no
Amazon,0.6519726027,WebApp,8,32,250,1000,600,yes,1,dedicated,Windows,Asia,yes,yes,A_no,yes,no
Amazon,0.1798726027,WebApp,1,0.5,250,1000,600,yes,3,A_Shared,Windows,Asia,yes,yes,A_no,yes,no
Amazon,0.1973726027,WebApp,1,2,250,1000,600,yes,3,A_Shared,Windows,Asia,yes,yes,A_no,yes,no
Amazon,0.1125931507,WebApp,2,4,50,400,600,yes,3,A_Shared,Windows,Asia,yes,yes,A_no,yes,no
Amazon,0.08409315068,WebApp,2,1,50,400,600,yes,3,A_Shared,Windows,Asia,yes,yes,A_no,yes,no
Amazon,0.09979315068,WebApp,2,2,50,400,600,yes,3,A_Shared,Windows,Asia,yes,yes,A_no,yes,no
Amazon,0.1475931507,WebApp,2,8,50,400,600,yes,3,A_Shared,Windows,Asia,yes,yes,A_no,yes,no
Amazon,0.3814931507,WebApp,4,7,50,400,600,yes,3,A_Shared,Windows,Asia,yes,yes,A_no,yes,no
Amazon,0.4104931507,WebApp,4,32,50,400,1000,yes,3,dedicated,Windows,Asia,yes,yes,A_no,yes,no
Amazon,0.3654931507,WebApp,4,8,50,400,1000,yes,3,dedicated,Windows,Asia,yes,yes,A_no,yes,no
Amazon,0.2576931507,WebApp,4,16,50,400,1000,yes,3,dedicated,Windows,Asia,yes,yes,A_no,yes,no
Amazon,0.7100068493,WebApp,8,32,50,2000,1000,yes,3,dedicated,Windows,Asia,yes,yes,A_no,yes,no
Amazon,0.02926849315,WebApp,1,0.5,50,2000,1000,yes,0,A_Shared,A_Linux,A_Europe,yes,yes,A_no,yes,no
Amazon,0.04834109589,WebApp,1,2,50,2000,1000,yes,0,A_Shared,A_Linux,A_Europe,yes,no,A_no,yes,no
Amazon,0.05584246575,WebApp,2,4,50,2000,1000,yes,0,A_Shared,A_Linux,A_Europe,yes,no,A_no,no,no
Amazon,0.01984246575,WebApp,2,1,50,2000,1000,yes,0,A_Shared,A_Linux,A_Europe,yes,no,A_no,no,no
Amazon,0.02556849315,WebApp,2,2,10,2000,1000,yes,0,A_Shared,A_Linux,A_Europe,yes,no,A_no,no,no
Amazon,0.1041684932,WebApp,2,8,10,2000,1000,yes,0,dedicated,A_Linux,A_Europe,yes,no,A_no,no,no
Amazon,0.2515684932,WebApp,4,7,10,2000,2000,yes,0,dedicated,A_Linux,A_Europe,yes,no,A_no,no,no
Amazon,0.2915684932,WebApp,4,32,10,2000,2000,yes,0,dedicated,A_Linux,A_Europe,yes,no,A_no,no,no
Amazon,0.2085684932,WebApp,4,8,10,2000,2000,yes,0,dedicated,A_Linux,A_Europe,yes,no,A_no,no,no
Amazon,0.2067684932,WebApp,4,16,10,2000,2000,yes,0,dedicated,A_Linux,A_Europe,yes,no,A_no,no,no
Amazon,0.4888246575,WebApp,8,32,500,2000,2000,yes,0,dedicated,A_Linux,A_Europe,yes,no,A_no,no,no
Amazon,0.08392465753,WebApp,1,0.5,500,2000,2000,yes,1,A_Shared,A_Linux,A_Europe,yes,no,A_no,no,no
Amazon,0.1004246575,WebApp,1,2,500,2000,2000,yes,1,A_Shared,A_Linux,A_Europe,yes,no,A_no,no,no
Amazon,0.1182246575,WebApp,2,4,500,400,2000,yes,1,A_Shared,A_Linux,A_Europe,yes,no,A_no,no,no
Amazon,0.08842465753,WebApp,2,1,500,400,2000,yes,1,A_Shared,A_Linux,A_Europe,yes,no,A_no,no,no
Amazon,0.09832465753,WebApp,2,2,500,400,2000,yes,1,A_Shared,A_Linux,A_Europe,yes,no,A_no,no,no
Amazon,0.1590520548,WebApp,2,8,500,400,2000,yes,1,A_Shared,A_Linux,A_Europe,yes,yes,A_no,no,no
Amazon,0.2878493151,WebApp,4,7,500,400,2000,yes,1,A_Shared,A_Linux,A_Europe,yes,yes,A_no,yes,no
Amazon,0.2788219178,WebApp,4,32,500,400,100,yes,1,A_Shared,A_Linux,A_Europe,yes,yes,A_no,yes,no
Amazon,0.2348219178,WebApp,4,8,500,400,100,yes,1,A_Shared,A_Linux,A_Europe,yes,yes,A_no,yes,no
Amazon,0.2400219178,WebApp,4,16,500,400,100,yes,1,A_Shared,A_Linux,A_Europe,yes,yes,A_no,yes,no
Amazon,0.3993219178,WebApp,8,32,500,400,100,yes,1,A_Shared,A_Linux,A_Europe,yes,yes,A_no,yes,no
Amazon,0.08472191781,WebApp,1,0.5,500,400,100,yes,3,A_Shared,A_Linux,A_Europe,yes,yes,A_no,yes,no
Amazon,0.09662191781,WebApp,1,2,500,400,100,yes,3,A_Shared,A_Linux,A_Europe,yes,yes,A_no,yes,no
Amazon,0.1090219178,WebApp,2,4,500,400,100,yes,3,A_Shared,A_Linux,A_Europe,yes,yes,A_no,yes,no
Amazon,0.1663465753,WebApp,2,1,1000,400,100,yes,3,A_Shared,A_Linux,A_Europe,yes,yes,A_no,yes,no
Amazon,0.1733465753,WebApp,2,2,1000,400,100,yes,3,A_Shared,A_Linux,A_Europe,yes,yes,A_no,yes,no
Amazon,0.2198561644,WebApp,2,8,1000,400,400,yes,3,A_Shared,A_Linux,A_Europe,yes,yes,A_no,yes,no
Amazon,0.3023561644,WebApp,4,7,1000,400,400,yes,3,A_Shared,A_Linux,A_Europe,yes,yes,A_no,yes,no
Amazon,0.3063561644,WebApp,4,32,1000,1000,400,yes,3,A_Shared,A_Linux,A_Europe,yes,yes,A_no,yes,no
Amazon,0.2743561644,WebApp,4,8,1000,1000,400,yes,3,A_Shared,A_Linux,A_Europe,yes,yes,A_no,yes,no
Amazon,0.2762561644,WebApp,4,16,1000,1000,400,yes,3,A_Shared,A_Linux,A_Europe,yes,yes,A_no,yes,no
Amazon,0.3892561644,WebApp,8,32,1000,1000,400,yes,3,A_Shared,A_Linux,A_Europe,yes,yes,A_no,yes,no
Amazon,0.2309315068,WebApp,1,0.5,1000,1000,400,yes,0,A_Shared,Windows,US,no,yes,A_no,no,yes
Amazon,0.2379315068,WebApp,1,1,1000,1000,400,yes,0,A_Shared,A_Linux,US,no,yes,A_no,no,yes
Amazon,0.2519315068,WebApp,1,2,1000,1000,400,yes,0,A_Shared,A_Linux,US,no,yes,A_no,no,yes
Amazon,0.2799315068,WebApp,1,4,1000,1000,400,yes,0,A_Shared,A_Linux,US,no,yes,A_no,no,yes
Amazon,0.3219315068,WebApp,1,7,1000,1000,1000,yes,0,A_Shared,A_Linux,US,no,yes,A_no,no,yes
Amazon,0.3359315068,WebApp,1,8,1000,1000,1000,yes,0,A_Shared,A_Linux,US,no,yes,A_no,no,yes
Amazon,0.2610958904,WebApp,2,0.5,50,1000,1000,yes,0,A_Shared,A_Linux,US,no,yes,A_no,no,yes
Amazon,0.2361232877,WebApp,2,4,50,400,1000,yes,0,A_Shared,A_Linux,US,no,yes,A_no,no,yes
Amazon,0.1941232877,WebApp,2,1,50,400,1000,yes,0,A_Shared,A_Linux,US,no,yes,A_no,no,yes
Amazon,0.2081232877,WebApp,2,2,50,400,1000,yes,0,A_Shared,A_Linux,US,no,yes,A_no,no,yes
Amazon,0.2921232877,WebApp,2,8,50,400,1000,yes,0,A_Shared,A_Linux,US,no,yes,A_no,no,yes
Amazon,0.2781232877,WebApp,2,7,50,400,1000,yes,0,A_Shared,A_Linux,US,no,yes,A_no,no,yes
Amazon,0.5123835616,WebApp,4,0.5,50,2000,1000,yes,0,A_Shared,A_Linux,US,no,yes,A_no,no,yes
Amazon,0.5183561644,WebApp,4,1,50,2000,1000,yes,0,A_Shared,A_Linux,US,no,no,A_no,no,yes
Amazon,0.5309315068,WebApp,4,2,10,2000,2000,yes,0,A_Shared,A_Linux,US,no,no,A_no,no,yes
Amazon,0.6009315068,WebApp,4,7,10,2000,2000,yes,0,A_Shared,A_Linux,US,no,no,A_no,no,yes
Amazon,0.9509315068,WebApp,4,32,10,2000,2000,yes,0,A_Shared,A_Linux,US,no,no,A_no,no,yes
Amazon,0.6149315068,WebApp,4,8,10,2000,2000,yes,0,A_Shared,A_Linux,US,no,no,A_no,no,yes
Amazon,0.9735068493,WebApp,4,16,10,4000,2000,yes,0,A_Shared,A_Linux,US,no,no,A_no,no,yes
Amazon,1.012506849,WebApp,8,0.5,10,4000,2000,yes,0,A_Shared,A_Linux,US,no,no,A_no,no,yes
Amazon,1.028054795,WebApp,8,1,250,4000,100,yes,0,A_Shared,A_Linux,US,no,no,A_no,no,yes
Amazon,1.042054795,WebApp,8,2,250,4000,100,yes,0,A_Shared,A_Linux,US,no,no,A_no,no,yes
Amazon,1.070054795,WebApp,8,4,250,4000,100,yes,0,A_Shared,A_Linux,US,no,no,A_no,no,yes
Amazon,1.238054795,WebApp,8,16,250,4000,100,yes,0,A_Shared,A_Linux,US,no,no,A_no,no,yes
Amazon,1.462054795,WebApp,8,32,250,4000,100,yes,0,A_Shared,A_Linux,US,no,no,A_no,no,yes
